"","GRID_ID","EFH_2010","EFH_2011","EFH_2012","EFH_2013","EFH_2014","STW_2010","STW_2011","STW_2012","STW_2013","STW_2014"
"1","A-20",0,0,0,0,0,0,0,0,0,0
"2","A-21",0,0,0,0,0,0,0,0,0,0
"3","A-22",0,0,0,0,0,0,0,0,0,0
"4","A-23",0,0,0,0,0,0,0,0,0,0
"5","A-31",0,0,0,0,0,0,0,0,0,0
"6","AA-10",62,62,67,72,72,144,144,140,149,154
"7","AA-11",228,232,230,232,235,507,507,548,552,551
"8","AA-12",42,42,42,42,42,7,7,7,7,7
"9","AA-13",0,0,0,0,0,5,5,5,5,5
"10","AA-14",356,357,357,360,360,437,431,431,448,447
"11","AA-15",37,36,37,37,37,17,17,17,17,17
"12","AA-16",12,12,13,13,12,63,63,71,71,72
"13","AA-17",68,67,67,67,67,95,94,95,95,95
"14","AA-18",14,15,14,14,14,12,12,12,12,12
"15","AA-19",156,162,164,168,169,703,710,706,711,773
"16","AA-20",75,75,75,76,76,499,499,513,512,533
"17","AA-21",19,19,20,20,20,12,12,12,12,12
"18","AA-22",0,0,0,0,0,0,0,0,0,0
"19","AA-23",119,118,118,110,110,75,77,77,85,85
"20","AA-24",154,154,168,160,159,283,295,297,305,310
"21","AA-25",0,0,0,0,0,0,0,0,0,0
"22","AA-26",15,14,14,14,14,14,15,15,15,15
"23","AA-27",131,131,130,129,129,116,122,125,125,126
"24","AA-28",252,253,252,252,253,679,678,702,696,712
"25","AA-29",17,17,17,17,17,25,25,23,23,23
"26","AA-3",0,0,0,0,0,0,0,0,0,0
"27","AA-30",53,53,53,53,53,33,33,35,35,35
"28","AA-31",48,48,48,48,48,19,18,19,63,63
"29","AA-32",120,120,120,121,121,1986,1991,2019,2017,2018
"30","AA-33",37,37,37,38,40,360,361,361,365,369
"31","AA-34",120,122,120,120,121,1079,1076,1061,1061,1067
"32","AA-35",61,61,61,61,62,135,137,138,138,135
"33","AA-37",124,121,116,116,115,170,172,178,186,186
"34","AA-38",42,42,40,40,40,66,66,67,70,64
"35","AA-39",10,10,10,9,9,18,18,18,18,18
"36","AA-4",0,0,0,0,0,0,0,0,0,0
"37","AA-40",36,37,37,38,38,57,54,54,53,53
"38","AA-41",12,12,12,12,13,18,18,18,16,16
"39","AA-42",0,0,0,0,0,13,12,11,11,11
"40","AA-43",0,0,0,0,0,11,11,11,11,11
"41","AA-44",43,43,43,43,42,43,43,42,42,43
"42","AA-45",230,228,227,226,228,839,867,871,867,856
"43","AA-46",13,13,13,11,11,98,98,98,104,114
"44","AA-48",8,8,8,9,9,134,134,141,159,159
"45","AA-49",188,188,188,190,189,2140,2145,2154,2146,2159
"46","AA-5",20,20,20,20,20,35,35,35,35,35
"47","AA-50",240,242,241,238,237,581,581,588,592,574
"48","AA-51",0,0,0,0,0,5,5,5,5,5
"49","AA-52",53,50,53,54,53,45,53,63,63,62
"50","AA-53",55,54,55,55,55,189,189,189,192,191
"51","AA-54",53,53,53,53,53,70,70,70,70,70
"52","AA-55",9,9,9,9,9,7,7,7,7,7
"53","AA-56",0,0,0,0,0,0,0,0,0,0
"54","AA-6",56,56,57,59,59,12,12,13,13,13
"55","AA-7",0,0,0,0,0,0,0,0,0,0
"56","AA-8",42,39,42,44,44,57,57,57,57,57
"57","AA-9",0,0,0,0,0,0,0,0,0,0
"58","AB-10",0,0,0,0,0,0,0,0,0,0
"59","AB-11",105,104,106,107,108,163,163,157,157,157
"60","AB-12",0,0,0,0,0,7,7,8,8,9
"61","AB-13",62,63,63,66,65,42,42,42,42,46
"62","AB-14",0,0,0,0,0,0,0,0,0,0
"63","AB-15",27,28,27,27,27,69,69,69,69,69
"64","AB-16",0,0,0,0,0,16,16,16,16,16
"65","AB-17",47,47,47,47,47,117,117,117,117,120
"66","AB-18",20,21,20,20,20,16,16,15,17,17
"67","AB-19",53,53,53,53,53,26,26,26,26,25
"68","AB-20",107,108,110,110,108,2359,2346,2366,2403,2415
"69","AB-21",184,185,185,185,185,1065,1064,1067,1068,1106
"70","AB-22",0,0,0,0,0,0,0,0,0,0
"71","AB-23",147,184,179,179,182,170,214,200,200,262
"72","AB-24",8,8,11,11,11,15,15,15,16,16
"73","AB-25",0,0,0,0,0,6,6,6,6,6
"74","AB-26",128,129,130,133,135,167,163,162,162,164
"75","AB-27",36,38,36,36,36,4,4,4,4,4
"76","AB-28",151,151,152,154,153,1218,1187,1210,1206,1206
"77","AB-29",227,226,229,228,235,2416,2450,2445,2453,2465
"78","AB-30",37,38,37,37,37,91,91,94,93,96
"79","AB-31",217,217,230,230,230,204,204,214,226,240
"80","AB-32",205,202,201,205,205,246,250,254,251,251
"81","AB-33",89,90,89,89,91,866,870,876,889,888
"82","AB-34",7,7,7,7,7,62,53,62,78,90
"83","AB-35",243,240,242,242,243,1327,1343,1342,1342,1338
"84","AB-36",38,38,38,40,43,49,49,47,47,47
"85","AB-37",0,0,0,4,4,17,17,17,15,15
"86","AB-38",0,0,0,0,0,0,0,0,0,0
"87","AB-39",14,14,15,15,15,27,27,25,25,25
"88","AB-40",7,7,7,7,7,6,6,6,6,6
"89","AB-41",171,172,172,172,171,431,438,431,424,422
"90","AB-42",353,356,353,353,353,1010,1010,1043,1041,1052
"91","AB-43",22,21,22,22,22,12,12,12,12,12
"92","AB-44",8,8,8,9,9,14,14,14,12,12
"93","AB-45",371,377,380,381,379,356,377,377,376,391
"94","AB-46",388,390,390,388,387,1640,1639,1699,1717,1710
"95","AB-47",19,18,19,19,18,251,251,254,262,290
"96","AB-50",172,172,171,173,174,689,699,705,716,742
"97","AB-51",47,47,47,47,47,163,154,162,153,153
"98","AB-52",302,301,301,301,302,354,359,357,358,362
"99","AB-53",114,116,115,130,130,563,575,628,649,648
"100","AB-54",8,8,7,7,7,10,10,10,10,10
"101","AB-55",0,0,0,0,0,9,9,9,9,9
"102","AB-56",0,0,0,0,0,0,0,0,0,0
"103","AB-6",0,0,0,0,0,0,0,0,0,0
"104","AB-7",86,88,90,89,93,142,142,143,143,143
"105","AB-8",0,0,0,0,0,6,6,6,6,6
"106","AB-9",0,0,0,0,0,0,0,0,0,0
"107","AC-10",0,0,0,0,0,0,0,0,0,0
"108","AC-11",17,17,18,18,18,34,33,36,36,36
"109","AC-12",0,0,0,0,0,0,0,0,0,0
"110","AC-13",0,0,0,0,0,0,0,0,0,0
"111","AC-14",0,0,0,0,0,0,0,0,0,0
"112","AC-15",0,0,0,0,0,0,0,0,0,0
"113","AC-16",354,353,354,354,354,392,398,409,403,448
"114","AC-17",9,9,9,9,9,28,28,28,28,28
"115","AC-18",20,18,18,18,18,69,72,84,84,85
"116","AC-19",32,32,32,31,31,17,17,17,17,17
"117","AC-20",301,305,309,310,309,1896,1896,1870,1869,1878
"118","AC-21",252,254,251,251,252,999,1002,1004,1008,1068
"119","AC-22",120,120,121,121,123,1413,1407,1400,1409,1403
"120","AC-23",226,224,226,226,225,469,465,479,479,481
"121","AC-24",0,0,0,0,0,0,0,0,0,0
"122","AC-25",44,44,44,44,45,5,5,5,5,5
"123","AC-26",93,94,94,94,94,144,143,144,146,146
"124","AC-27",110,110,112,112,112,216,214,215,215,215
"125","AC-28",119,119,119,119,119,898,888,889,888,890
"126","AC-29",55,56,57,57,56,67,67,67,67,67
"127","AC-30",42,42,43,43,43,96,96,96,96,96
"128","AC-31",0,0,0,0,0,0,0,0,0,0
"129","AC-32",186,186,186,186,187,278,278,278,301,306
"130","AC-33",0,0,0,0,0,0,0,0,0,0
"131","AC-34",68,68,68,67,67,133,127,133,133,133
"132","AC-35",43,44,44,43,45,92,92,92,93,93
"133","AC-36",288,288,287,288,288,754,754,765,765,766
"134","AC-37",165,168,167,126,128,938,943,931,1038,1061
"135","AC-38",0,0,0,0,0,0,0,0,0,0
"136","AC-39",0,0,0,0,0,0,0,0,0,0
"137","AC-40",4,4,4,4,4,18,18,18,18,18
"138","AC-41",51,50,49,49,51,95,115,99,99,99
"139","AC-42",151,178,175,176,178,424,442,453,460,461
"140","AC-43",19,19,19,19,19,18,18,18,18,18
"141","AC-44",14,14,14,15,14,20,20,20,19,17
"142","AC-45",64,63,61,63,62,103,103,106,106,108
"143","AC-46",340,343,337,336,339,1678,1698,1688,1706,1704
"144","AC-47",15,15,15,15,14,273,253,273,262,269
"145","AC-50",52,52,54,54,54,175,166,195,195,195
"146","AC-51",552,558,557,561,563,1303,1342,1309,1321,1335
"147","AC-52",18,20,21,21,22,30,30,37,61,61
"148","AC-55",0,0,0,0,0,0,0,0,0,0
"149","AC-56",0,0,0,0,0,0,0,0,0,0
"150","AC-6",0,0,0,0,0,0,0,0,0,0
"151","AC-7",7,7,7,7,7,5,5,5,5,5
"152","AC-8",0,0,0,0,0,0,0,0,0,0
"153","AC-9",0,0,0,0,0,0,0,0,0,0
"154","AD-10",50,51,50,50,50,37,37,36,36,37
"155","AD-11",0,0,0,0,0,4,4,4,4,4
"156","AD-12",0,0,0,0,0,0,0,0,0,0
"157","AD-13",27,27,30,30,30,46,46,46,46,45
"158","AD-14",52,52,52,55,55,49,50,50,50,50
"159","AD-15",7,7,7,7,7,16,16,16,16,16
"160","AD-16",247,247,247,247,246,23,23,23,23,23
"161","AD-17",0,0,0,0,0,8,8,8,8,8
"162","AD-18",171,171,170,170,170,123,122,124,124,124
"163","AD-19",210,202,204,203,204,326,477,481,481,481
"164","AD-20",766,766,767,766,767,1508,1490,1516,1544,1542
"165","AD-21",159,161,161,161,160,3274,3275,3251,3289,3375
"166","AD-22",466,462,465,464,464,2510,2520,2537,2537,2561
"167","AD-23",39,40,39,39,39,367,355,366,366,365
"168","AD-24",0,0,0,0,0,0,0,0,0,0
"169","AD-25",0,0,0,0,0,9,9,5,5,25
"170","AD-26",0,0,0,0,0,0,0,0,0,0
"171","AD-27",0,0,0,0,0,9,9,9,9,9
"172","AD-28",89,92,92,92,92,118,116,116,113,112
"173","AD-29",0,0,0,0,0,0,0,0,0,0
"174","AD-30",248,252,254,254,255,136,132,131,131,132
"175","AD-31",51,51,52,52,53,321,321,326,326,325
"176","AD-32",0,0,0,0,0,0,0,0,0,0
"177","AD-33",172,171,170,170,196,371,372,398,423,442
"178","AD-34",14,14,14,14,14,10,10,10,10,10
"179","AD-35",0,0,0,0,0,152,152,152,152,152
"180","AD-36",208,209,210,210,209,2435,2433,2436,2434,2526
"181","AD-37",191,191,190,181,181,2377,2360,2393,2538,2561
"182","AD-38",78,78,78,78,77,346,346,346,346,346
"183","AD-39",71,69,69,68,68,189,193,193,191,190
"184","AD-40",0,0,0,0,0,10,10,10,10,10
"185","AD-41",91,90,103,103,103,132,132,147,147,147
"186","AD-42",13,13,13,13,13,16,14,14,14,14
"187","AD-43",205,207,202,202,201,381,386,391,389,413
"188","AD-44",75,74,74,75,75,57,40,78,76,77
"189","AD-45",24,24,23,23,23,252,253,255,258,258
"190","AD-46",24,24,23,22,22,80,80,82,84,84
"191","AD-47",255,256,258,253,252,663,655,666,681,689
"192","AD-48",15,15,15,15,12,189,164,193,196,197
"193","AD-51",31,30,30,29,30,498,544,494,506,507
"194","AD-52",189,187,184,184,186,1086,1059,1110,1115,1108
"195","AD-6",0,0,0,0,0,0,0,0,0,0
"196","AD-7",0,0,0,0,0,0,4,0,0,0
"197","AD-8",24,25,25,25,28,22,21,21,21,21
"198","AD-9",32,33,32,32,32,7,7,7,7,7
"199","AE-10",4,4,4,4,4,0,0,0,0,0
"200","AE-11",7,7,7,7,7,14,14,14,14,14
"201","AE-12",16,29,30,30,30,67,73,73,73,73
"202","AE-13",0,0,0,0,0,0,0,0,0,0
"203","AE-14",37,35,34,34,34,37,39,41,41,41
"204","AE-15",58,58,59,63,63,55,54,54,54,57
"205","AE-16",103,103,103,101,105,7,12,12,13,13
"206","AE-17",337,323,324,325,324,1050,1079,1085,1119,1133
"207","AE-18",97,96,97,98,98,135,138,150,156,156
"208","AE-19",15,15,15,15,15,21,39,21,21,21
"209","AE-20",194,216,215,215,218,2187,2340,2396,2433,2451
"210","AE-21",145,145,143,143,145,2173,2109,2155,2235,2271
"211","AE-22",274,275,274,273,273,403,398,411,413,413
"212","AE-23",0,0,0,0,0,0,0,0,0,0
"213","AE-24",0,0,0,0,0,0,0,0,0,0
"214","AE-25",0,0,0,0,0,0,0,0,0,0
"215","AE-26",0,0,0,0,0,0,0,0,0,0
"216","AE-27",14,14,14,14,14,18,18,18,18,18
"217","AE-28",0,0,0,0,0,5,5,5,5,5
"218","AE-29",0,0,0,0,0,12,12,12,12,12
"219","AE-30",197,196,199,199,199,583,668,662,675,670
"220","AE-31",84,80,85,85,85,74,74,74,74,76
"221","AE-32",31,31,31,31,30,14,14,12,24,26
"222","AE-33",31,32,31,30,30,23,23,23,33,45
"223","AE-34",0,0,0,0,0,0,0,0,0,0
"224","AE-35",15,15,15,14,14,37,44,45,45,45
"225","AE-36",338,336,339,337,336,1814,1795,1859,1878,1887
"226","AE-37",417,411,416,414,416,1250,1253,1255,1246,1237
"227","AE-38",0,0,0,0,0,7,7,7,7,7
"228","AE-39",0,0,0,0,0,6,6,6,6,6
"229","AE-40",277,275,276,277,277,745,761,751,742,826
"230","AE-41",111,114,111,110,110,78,78,77,78,78
"231","AE-42",13,13,13,13,13,22,21,21,21,21
"232","AE-43",21,20,21,21,21,13,13,13,13,13
"233","AE-44",216,216,216,215,215,735,775,748,748,746
"234","AE-45",155,155,155,155,156,375,375,375,376,375
"235","AE-46",33,33,33,31,29,23,23,26,29,35
"236","AE-47",507,507,507,499,493,1607,1629,1612,1624,1657
"237","AE-48",43,43,44,44,44,647,697,679,682,712
"238","AE-6",0,0,0,0,0,0,0,0,0,0
"239","AE-7",70,70,70,70,72,43,43,44,44,47
"240","AE-8",9,9,9,9,9,13,13,13,13,13
"241","AE-9",200,204,206,206,207,194,194,195,204,210
"242","AF-10",0,0,0,0,0,0,0,0,0,0
"243","AF-11",0,0,0,0,0,12,12,12,12,12
"244","AF-12",24,25,24,24,24,8,8,8,8,8
"245","AF-13",9,9,9,9,9,8,8,8,8,8
"246","AF-14",0,0,0,0,0,4,4,4,4,4
"247","AF-15",0,0,0,0,0,6,6,6,6,6
"248","AF-16",47,41,41,41,41,14,20,20,20,20
"249","AF-17",187,177,178,175,176,112,110,110,113,115
"250","AF-18",177,176,179,179,177,448,448,450,450,450
"251","AF-19",0,0,0,0,0,0,0,0,0,0
"252","AF-20",28,28,28,28,28,13,13,13,13,13
"253","AF-21",205,207,204,202,201,2032,2059,2065,2066,2087
"254","AF-22",401,404,404,403,403,2008,2016,2000,2008,1992
"255","AF-23",0,0,0,0,0,0,0,0,0,0
"256","AF-24",0,0,0,0,0,0,0,0,0,0
"257","AF-25",0,0,0,0,0,0,0,0,0,0
"258","AF-26",30,30,30,30,30,55,55,55,55,54
"259","AF-27",5,5,5,5,5,4,4,4,4,4
"260","AF-28",4,4,4,4,4,17,17,17,17,17
"261","AF-29",7,8,9,9,10,18,17,17,17,17
"262","AF-30",7,7,7,7,7,13,13,13,13,13
"263","AF-31",61,66,61,62,62,18,18,18,18,18
"264","AF-32",0,0,0,0,0,12,12,12,12,12
"265","AF-33",4,4,4,4,4,44,47,44,44,44
"266","AF-34",13,13,13,13,13,42,42,42,42,42
"267","AF-35",152,151,151,149,150,61,72,63,65,65
"268","AF-36",24,24,24,24,24,169,184,171,171,171
"269","AF-37",316,317,316,316,318,759,760,760,762,737
"270","AF-38",175,180,176,172,172,133,132,132,136,136
"271","AF-39",49,49,49,49,49,16,16,16,16,16
"272","AF-40",11,11,11,11,11,14,14,14,14,14
"273","AF-41",0,0,0,0,0,0,0,0,0,0
"274","AF-42",14,14,14,14,14,16,16,16,16,16
"275","AF-43",9,9,8,8,8,27,27,25,27,27
"276","AF-44",8,8,7,7,7,22,22,22,24,24
"277","AF-45",34,34,33,34,34,85,85,92,91,122
"278","AF-46",10,10,10,10,10,14,14,14,14,14
"279","AF-47",9,9,10,10,10,16,16,16,16,17
"280","AF-48",263,264,262,260,252,1296,1280,1298,1320,1333
"281","AF-49",45,45,44,44,39,162,171,166,168,176
"282","AF-6",0,0,0,0,0,0,0,0,0,0
"283","AF-7",0,0,0,0,0,5,5,5,5,5
"284","AF-8",0,0,0,0,0,14,14,14,14,14
"285","AF-9",0,0,0,0,0,0,0,0,0,0
"286","AG-11",0,0,0,0,0,0,0,0,0,0
"287","AG-12",20,20,20,20,20,29,47,47,47,47
"288","AG-13",81,82,84,84,84,49,49,49,60,60
"289","AG-14",38,38,38,38,39,26,26,26,26,24
"290","AG-15",120,124,127,132,132,47,57,57,57,57
"291","AG-16",0,0,0,0,0,0,0,0,0,0
"292","AG-17",21,21,20,20,20,30,30,30,30,30
"293","AG-18",89,89,90,90,90,299,297,297,297,297
"294","AG-19",288,288,288,293,294,1427,1535,1564,1559,1568
"295","AG-20",555,555,555,555,553,1950,2144,2153,2173,2215
"296","AG-21",132,132,132,132,132,752,749,751,752,755
"297","AG-22",102,99,102,102,102,2542,2596,2595,2611,2629
"298","AG-23",30,30,30,30,30,89,94,89,89,89
"299","AG-24",95,95,95,94,94,224,224,224,224,224
"300","AG-25",9,9,9,9,9,14,14,14,14,14
"301","AG-26",0,0,0,0,0,0,0,0,0,0
"302","AG-27",0,0,0,0,0,0,0,0,0,0
"303","AG-28",0,0,0,0,0,4,4,4,4,4
"304","AG-29",0,0,0,0,0,0,0,0,0,0
"305","AG-30",0,0,0,0,0,8,10,10,10,10
"306","AG-31",5,5,5,5,5,17,20,19,19,19
"307","AG-32",154,159,158,158,158,1013,1194,1175,1199,1210
"308","AG-33",19,19,19,19,19,184,185,185,185,185
"309","AG-34",0,0,0,0,0,0,0,0,0,0
"310","AG-35",80,79,78,77,78,217,209,226,226,226
"311","AG-36",0,0,0,0,0,0,0,0,0,0
"312","AG-37",7,7,7,7,7,0,0,0,0,0
"313","AG-38",47,47,47,46,46,34,34,34,34,34
"314","AG-39",50,50,55,54,54,49,55,49,48,48
"315","AG-40",10,10,10,10,10,9,8,8,8,8
"316","AG-41",57,57,58,58,58,196,188,194,216,217
"317","AG-42",0,0,0,0,0,0,0,0,0,0
"318","AG-43",13,13,13,14,14,14,14,14,14,14
"319","AG-44",9,15,10,15,15,17,23,25,38,48
"320","AG-45",18,18,18,18,18,23,23,21,23,23
"321","AG-46",20,23,22,22,22,16,16,16,18,18
"322","AG-47",8,8,8,9,9,15,16,16,16,16
"323","AG-48",259,258,256,254,250,501,514,536,548,566
"324","AG-6",0,0,0,0,0,0,0,0,0,0
"325","AG-7",0,0,0,0,0,6,6,6,6,6
"326","AG-8",0,0,0,0,0,4,4,4,4,4
"327","AG-9",0,0,0,0,0,0,0,0,0,0
"328","AH-12",0,0,0,0,0,0,0,0,0,0
"329","AH-13",0,0,0,0,0,0,0,0,0,0
"330","AH-14",0,0,0,0,0,5,5,5,5,5
"331","AH-15",144,145,145,146,146,95,95,95,111,111
"332","AH-16",0,0,0,0,0,23,23,23,23,23
"333","AH-17",11,10,10,10,10,23,22,22,23,23
"334","AH-18",15,15,16,16,16,40,40,41,41,42
"335","AH-19",224,223,226,230,239,903,902,902,902,903
"336","AH-20",181,181,181,181,180,1186,1195,1266,1282,1283
"337","AH-21",9,9,9,9,9,338,604,634,778,778
"338","AH-22",149,149,149,148,148,1493,1471,1478,1483,1704
"339","AH-23",329,330,325,324,324,2778,2809,2830,2886,2873
"340","AH-24",78,81,81,82,82,139,136,136,136,136
"341","AH-25",8,9,9,9,9,157,158,158,158,158
"342","AH-26",14,14,15,15,15,8,8,8,8,9
"343","AH-27",6,6,5,5,5,19,19,19,20,20
"344","AH-28",257,259,261,260,260,332,332,333,365,366
"345","AH-29",118,115,118,118,118,130,124,130,134,135
"346","AH-30",19,19,19,19,19,8,8,8,8,8
"347","AH-31",100,99,102,103,108,50,50,46,46,46
"348","AH-32",131,130,128,128,128,25,27,29,29,29
"349","AH-33",129,138,136,136,135,812,795,815,815,836
"350","AH-34",0,0,0,0,0,12,12,12,12,12
"351","AH-35",0,0,0,0,0,4,4,4,4,4
"352","AH-36",16,16,16,16,16,26,26,26,26,28
"353","AH-37",9,9,8,8,8,28,28,28,28,28
"354","AH-38",97,96,97,97,97,120,120,120,120,120
"355","AH-39",155,156,154,154,155,61,61,62,74,79
"356","AH-40",156,157,158,169,169,160,159,160,160,160
"357","AH-41",228,228,231,231,232,955,970,955,960,964
"358","AH-42",96,96,97,97,97,239,239,239,251,251
"359","AH-43",42,42,45,44,44,83,81,84,81,81
"360","AH-44",246,240,261,256,257,539,546,612,606,673
"361","AH-45",0,0,0,0,0,7,7,7,7,7
"362","AH-46",28,29,28,28,28,14,14,14,14,14
"363","AH-47",224,224,225,228,236,203,201,206,206,227
"364","AH-48",240,240,239,239,237,505,505,505,498,501
"365","AH-49",37,37,38,37,35,70,70,70,74,76
"366","AH-6",5,5,5,5,5,10,10,10,10,10
"367","AH-7",36,36,36,37,39,69,69,69,70,71
"368","AH-8",18,18,17,17,17,5,5,7,7,7
"369","AH-9",0,0,0,0,0,0,0,0,0,0
"370","AI-11",0,0,0,0,0,0,0,0,0,0
"371","AI-12",4,4,4,4,4,4,4,4,4,4
"372","AI-13",108,109,110,111,111,96,99,103,107,114
"373","AI-14",20,20,20,20,20,32,32,32,32,32
"374","AI-15",16,16,16,16,16,23,25,25,24,25
"375","AI-16",45,45,45,45,45,66,66,66,66,66
"376","AI-17",15,15,15,15,15,6,6,6,6,6
"377","AI-18",341,341,341,340,338,298,298,298,304,321
"378","AI-19",0,0,0,0,0,5,5,5,5,5
"379","AI-20",348,349,350,352,354,776,776,774,779,788
"380","AI-21",0,0,0,0,0,4,4,4,0,4
"381","AI-22",188,185,188,188,187,140,142,142,142,142
"382","AI-23",321,324,325,325,353,164,159,167,177,272
"383","AI-24",296,299,302,309,314,69,66,66,66,66
"384","AI-25",295,303,314,319,322,690,689,727,728,725
"385","AI-26",0,0,0,0,0,0,0,0,0,0
"386","AI-27",36,36,34,33,33,21,21,24,29,30
"387","AI-28",192,190,196,194,197,88,94,86,93,93
"388","AI-29",54,57,54,53,53,9,9,9,11,11
"389","AI-30",0,0,0,0,0,0,0,0,0,0
"390","AI-31",275,273,275,275,273,191,190,199,203,216
"391","AI-32",210,206,207,205,206,507,504,522,518,518
"392","AI-33",23,23,25,26,26,4,4,7,7,7
"393","AI-34",144,144,152,150,162,941,993,966,993,973
"394","AI-35",24,24,24,25,25,94,94,93,96,90
"395","AI-36",0,0,0,0,0,0,0,0,0,0
"396","AI-37",49,49,50,50,50,89,89,89,104,99
"397","AI-38",40,40,43,43,42,84,84,81,102,102
"398","AI-39",13,13,12,12,13,29,29,29,29,29
"399","AI-4",0,0,0,0,0,0,0,0,0,0
"400","AI-40",6,6,6,6,6,15,15,15,15,15
"401","AI-41",93,93,93,93,93,313,351,372,362,362
"402","AI-42",76,76,76,76,76,116,111,116,116,114
"403","AI-43",135,132,136,135,138,131,133,144,134,134
"404","AI-44",19,18,18,17,17,18,18,18,19,20
"405","AI-45",15,16,13,14,14,26,29,18,29,29
"406","AI-46",182,183,187,194,199,1083,1088,1102,1118,1131
"407","AI-47",207,207,209,222,222,437,442,436,454,464
"408","AI-48",64,63,63,63,62,20,21,21,21,24
"409","AI-5",0,0,0,0,0,7,7,7,7,7
"410","AI-6",6,5,6,6,6,5,5,5,5,5
"411","AI-7",4,4,0,0,0,15,14,17,17,18
"412","AI-8",75,75,76,76,77,54,54,54,53,53
"413","AI-9",0,0,0,0,0,0,0,0,0,0
"414","AJ-10",0,0,0,0,0,4,4,4,4,4
"415","AJ-11",0,0,0,0,0,0,0,0,0,0
"416","AJ-12",0,0,0,0,0,0,0,0,0,0
"417","AJ-13",0,0,0,0,0,12,12,12,12,14
"418","AJ-14",0,0,0,0,0,8,8,9,9,10
"419","AJ-15",0,0,0,0,0,0,0,0,0,0
"420","AJ-16",91,91,92,94,94,96,95,95,95,95
"421","AJ-17",428,431,432,433,437,225,232,233,231,230
"422","AJ-18",43,43,42,42,42,53,54,54,54,60
"423","AJ-19",503,503,505,508,508,570,574,576,576,590
"424","AJ-20",0,0,0,0,0,0,0,0,0,0
"425","AJ-21",199,202,199,198,198,280,281,281,282,295
"426","AJ-22",0,0,0,0,0,0,0,0,0,0
"427","AJ-23",0,0,0,0,0,0,0,0,0,0
"428","AJ-24",38,40,40,40,39,26,23,23,23,26
"429","AJ-25",31,31,33,33,33,78,80,78,78,82
"430","AJ-26",87,87,85,85,84,68,90,92,93,89
"431","AJ-27",58,57,58,58,58,63,63,63,63,63
"432","AJ-28",33,33,33,33,33,27,27,27,27,27
"433","AJ-29",4,4,4,4,4,7,7,7,7,7
"434","AJ-30",140,142,144,150,170,90,92,98,103,108
"435","AJ-31",0,0,0,0,0,0,0,0,0,0
"436","AJ-32",15,13,15,13,13,17,17,17,17,17
"437","AJ-33",40,43,40,40,39,37,35,39,37,39
"438","AJ-34",177,175,200,199,199,421,423,424,412,423
"439","AJ-35",276,276,288,285,287,1268,1290,1528,1551,1613
"440","AJ-36",8,8,8,8,8,15,15,15,15,15
"441","AJ-37",0,0,0,0,0,0,0,0,0,0
"442","AJ-38",57,57,57,57,54,40,39,40,40,46
"443","AJ-39",375,374,372,367,309,1483,1494,1517,1525,1618
"444","AJ-4",0,0,0,0,0,0,0,0,4,4
"445","AJ-40",253,256,250,247,239,532,557,525,535,547
"446","AJ-41",281,278,283,284,289,507,479,513,512,512
"447","AJ-42",57,57,57,57,57,107,107,107,107,107
"448","AJ-43",12,12,12,12,12,7,7,7,7,7
"449","AJ-44",6,6,6,6,6,6,6,5,6,6
"450","AJ-45",5,6,5,9,9,13,13,13,13,13
"451","AJ-46",116,112,116,116,116,36,36,36,36,36
"452","AJ-47",187,187,189,189,188,499,499,498,519,521
"453","AJ-48",35,35,35,35,36,90,90,90,90,90
"454","AJ-49",0,0,0,0,0,0,0,0,0,0
"455","AJ-5",4,4,4,4,4,0,0,0,0,0
"456","AJ-6",42,42,42,42,43,8,8,8,8,8
"457","AJ-7",232,235,235,236,237,284,298,311,334,338
"458","AJ-8",0,0,0,0,0,0,0,0,0,0
"459","AJ-9",0,0,0,0,0,9,11,9,9,9
"460","AK-10",9,9,9,9,9,10,10,11,11,11
"461","AK-12",0,0,0,0,0,0,0,0,0,0
"462","AK-13",0,0,0,0,4,0,0,0,0,0
"463","AK-14",6,6,5,5,5,12,12,11,11,11
"464","AK-15",74,74,74,74,74,61,57,56,56,56
"465","AK-16",0,0,0,0,0,5,5,6,6,6
"466","AK-17",41,42,41,44,44,46,46,46,46,46
"467","AK-18",42,42,42,42,42,10,10,10,10,10
"468","AK-19",0,0,0,0,0,0,0,0,0,0
"469","AK-20",156,157,156,159,160,128,128,128,129,129
"470","AK-21",72,71,72,72,70,137,137,138,178,171
"471","AK-22",9,10,10,10,10,31,28,28,28,28
"472","AK-23",0,0,0,0,0,0,0,0,0,0
"473","AK-24",15,15,15,16,16,21,21,21,21,21
"474","AK-25",0,0,0,0,0,6,6,6,6,6
"475","AK-26",69,71,68,68,66,289,307,307,320,326
"476","AK-27",54,53,53,53,53,60,63,63,64,64
"477","AK-28",0,0,0,0,0,0,0,0,0,0
"478","AK-29",24,26,24,24,24,17,18,13,16,16
"479","AK-30",16,14,18,17,17,10,10,12,12,12
"480","AK-31",0,0,0,0,0,0,0,0,0,0
"481","AK-32",0,0,0,0,0,9,9,9,9,9
"482","AK-33",15,14,15,14,16,27,28,27,27,27
"483","AK-34",30,30,30,30,31,91,91,91,85,80
"484","AK-35",208,211,213,214,209,666,666,674,680,710
"485","AK-36",10,10,10,10,10,5,5,5,5,7
"486","AK-37",8,8,8,8,8,7,7,7,7,7
"487","AK-38",97,97,97,97,96,542,565,844,943,989
"488","AK-39",223,227,226,226,213,1538,1618,1607,1581,1610
"489","AK-4",0,0,0,0,0,0,0,0,0,0
"490","AK-40",98,99,99,99,99,549,546,547,557,558
"491","AK-41",16,16,16,16,16,13,13,13,13,13
"492","AK-42",22,21,21,21,21,40,40,42,42,42
"493","AK-43",45,45,44,44,44,55,57,59,59,60
"494","AK-44",9,9,9,9,9,14,14,13,13,13
"495","AK-45",138,138,138,138,138,74,75,77,77,79
"496","AK-46",342,342,342,343,343,536,547,569,573,565
"497","AK-47",49,48,48,48,48,29,30,30,28,31
"498","AK-48",0,0,0,0,0,0,0,0,0,0
"499","AK-5",0,0,0,0,0,0,0,0,0,0
"500","AK-6",0,0,0,0,0,0,0,0,0,0
"501","AK-7",99,99,98,98,98,91,90,88,88,88
"502","AK-8",4,4,5,5,5,8,8,7,7,7
"503","AK-9",0,0,0,0,0,0,0,0,0,0
"504","AL-14",0,0,0,0,0,0,0,0,0,0
"505","AL-15",12,12,12,13,13,9,9,9,7,7
"506","AL-16",6,6,6,6,6,22,22,22,22,21
"507","AL-17",57,57,57,57,57,33,33,33,33,33
"508","AL-18",13,13,13,13,13,23,23,23,33,32
"509","AL-19",5,5,4,4,4,11,11,12,12,12
"510","AL-20",0,0,0,0,0,7,7,7,7,7
"511","AL-21",191,191,193,193,194,105,106,106,106,109
"512","AL-22",4,4,4,4,4,5,5,6,6,6
"513","AL-23",22,22,23,23,23,27,27,27,27,27
"514","AL-24",0,0,0,0,0,0,0,0,0,0
"515","AL-25",5,5,5,5,5,0,0,0,0,0
"516","AL-26",21,21,21,21,19,29,30,35,35,40
"517","AL-27",94,93,95,95,100,264,267,287,287,283
"518","AL-28",6,6,5,5,4,7,7,9,9,11
"519","AL-29",110,110,110,111,108,87,85,86,86,85
"520","AL-30",19,19,19,19,19,50,53,51,51,53
"521","AL-31",0,0,0,0,0,0,5,0,0,0
"522","AL-32",8,9,0,0,0,11,11,8,6,6
"523","AL-33",0,0,0,0,0,0,0,0,0,0
"524","AL-34",66,65,64,67,64,43,43,46,46,48
"525","AL-35",11,11,11,12,12,51,52,51,51,52
"526","AL-36",0,0,0,0,0,0,0,0,0,8
"527","AL-37",102,105,105,105,106,95,98,99,99,99
"528","AL-38",194,196,193,191,181,1077,1114,1134,1160,1203
"529","AL-39",187,186,185,183,183,2157,2169,2181,2160,2168
"530","AL-40",21,21,21,21,21,7,7,7,7,7
"531","AL-41",24,24,24,25,25,20,20,20,19,25
"532","AL-42",5,6,5,5,5,5,5,5,5,5
"533","AL-43",4,4,4,4,4,0,0,0,0,0
"534","AL-44",19,20,19,19,19,32,32,33,33,33
"535","AL-45",48,50,48,49,49,66,66,66,68,68
"536","AL-46",134,134,134,134,133,100,148,129,129,138
"537","AL-47",23,25,26,25,25,55,55,55,55,55
"538","AL-6",0,0,0,0,0,0,0,0,0,0
"539","AL-7",0,0,0,0,0,0,0,0,0,0
"540","AL-8",0,0,0,0,0,0,0,0,0,0
"541","AL-9",0,0,0,0,0,0,0,0,0,0
"542","AM-13",0,0,0,0,0,4,4,0,0,0
"543","AM-14",130,129,133,132,132,170,174,180,177,179
"544","AM-15",23,23,24,24,24,9,9,9,9,9
"545","AM-16",85,85,85,96,96,49,49,49,54,54
"546","AM-17",0,0,0,0,0,0,0,0,0,0
"547","AM-18",9,9,9,9,9,13,13,13,13,13
"548","AM-19",8,8,8,8,8,24,24,24,24,24
"549","AM-20",6,6,6,6,6,11,11,11,11,11
"550","AM-21",29,29,30,30,31,38,38,39,39,39
"551","AM-22",0,0,0,0,0,10,10,10,10,10
"552","AM-23",50,50,50,50,50,39,39,42,42,42
"553","AM-24",24,24,24,25,28,33,33,30,29,29
"554","AM-25",0,0,0,0,0,4,4,0,0,0
"555","AM-26",59,59,59,60,57,50,50,50,52,54
"556","AM-27",18,17,17,17,18,59,63,63,79,96
"557","AM-28",21,21,21,21,21,11,11,11,11,12
"558","AM-29",0,0,0,0,4,0,0,4,4,4
"559","AM-30",27,27,27,25,27,32,34,36,40,50
"560","AM-31",17,17,17,17,17,27,27,29,29,30
"561","AM-32",7,6,7,6,6,6,6,6,6,6
"562","AM-33",15,15,15,16,16,18,18,18,17,17
"563","AM-34",244,244,245,246,253,355,354,356,362,397
"564","AM-35",111,111,111,114,117,181,181,181,182,215
"565","AM-36",4,4,4,4,5,12,12,12,12,12
"566","AM-37",28,28,27,27,27,43,43,43,43,45
"567","AM-38",398,396,400,397,372,495,497,505,507,532
"568","AM-39",52,52,52,52,51,55,55,55,55,67
"569","AM-40",24,24,24,24,24,32,32,32,32,31
"570","AM-41",0,0,0,0,0,12,12,12,12,13
"571","AM-42",5,5,5,5,5,9,9,9,9,9
"572","AM-43",13,13,13,13,13,43,42,42,72,72
"573","AM-44",97,98,97,97,97,512,521,513,518,560
"574","AM-45",223,220,223,242,242,349,340,358,360,367
"575","AM-46",5,5,5,5,5,18,18,18,18,18
"576","AM-47",0,0,0,0,0,0,0,0,0,0
"577","AM-5",0,0,0,0,0,0,0,0,0,0
"578","AM-6",0,0,0,0,0,0,0,0,0,0
"579","AM-7",0,0,0,0,0,0,0,0,0,0
"580","AN-14",0,0,0,0,0,7,7,7,7,7
"581","AN-15",0,0,0,0,0,0,0,0,0,0
"582","AN-16",0,0,0,0,0,0,0,0,0,0
"583","AN-17",16,16,17,17,17,24,24,22,22,22
"584","AN-18",0,0,0,0,0,0,0,0,0,0
"585","AN-19",16,16,16,17,17,34,34,34,36,36
"586","AN-20",0,0,0,0,0,4,4,4,4,4
"587","AN-21",0,0,0,0,0,4,4,4,4,4
"588","AN-22",0,0,0,0,0,0,0,0,0,0
"589","AN-23",5,5,5,5,5,11,11,11,11,11
"590","AN-24",0,0,0,0,0,0,0,0,0,0
"591","AN-25",0,0,0,0,0,5,5,6,6,6
"592","AN-26",8,7,7,7,5,13,14,14,14,16
"593","AN-27",166,168,178,181,182,386,387,378,394,416
"594","AN-28",0,0,0,5,11,11,11,13,18,18
"595","AN-29",35,35,35,35,35,50,50,50,50,50
"596","AN-30",19,21,19,20,20,12,12,12,12,12
"597","AN-31",0,0,0,0,0,8,8,8,8,8
"598","AN-32",0,0,0,0,0,7,7,7,7,7
"599","AN-33",14,14,11,11,11,37,37,37,37,37
"600","AN-34",19,19,19,19,19,21,21,21,21,21
"601","AN-35",108,108,108,110,110,56,56,56,56,56
"602","AN-36",0,0,0,0,0,5,5,5,5,5
"603","AN-37",12,12,12,12,11,15,15,15,15,16
"604","AN-38",63,64,64,63,55,110,109,112,113,119
"605","AN-39",55,55,55,55,51,14,14,14,15,18
"606","AN-40",9,9,9,9,8,4,4,4,4,5
"607","AN-41",112,112,112,112,111,242,213,242,242,246
"608","AN-42",125,125,124,125,126,657,692,653,659,702
"609","AN-43",9,9,9,9,9,8,8,8,8,8
"610","AN-44",229,229,237,244,246,161,163,164,164,177
"611","AN-45",57,57,58,58,58,19,19,20,20,20
"612","AN-46",13,13,13,13,13,41,41,42,42,42
"613","AN-47",7,7,6,6,6,7,7,9,9,9
"614","AO-14",0,0,0,0,0,4,4,4,4,0
"615","AO-17",0,0,0,0,0,0,0,0,0,0
"616","AO-18",4,4,4,5,5,15,15,15,15,15
"617","AO-19",0,0,0,0,0,0,0,6,6,6
"618","AO-20",0,0,0,0,0,0,0,0,0,0
"619","AO-21",0,0,0,0,0,0,0,0,0,0
"620","AO-22",0,0,0,0,0,0,0,0,0,0
"621","AO-23",15,15,15,14,14,19,19,19,21,21
"622","AO-24",16,16,16,16,16,32,32,32,32,39
"623","AO-25",0,0,0,0,0,0,0,0,0,0
"624","AO-26",28,28,31,33,33,18,19,16,16,16
"625","AO-27",177,178,181,184,195,498,516,513,509,508
"626","AO-28",46,46,46,45,47,119,116,113,114,115
"627","AO-29",251,249,250,251,252,291,290,294,310,312
"628","AO-30",0,0,0,0,0,0,0,0,0,0
"629","AO-31",17,17,17,17,16,20,21,20,20,22
"630","AO-32",127,126,132,132,132,106,106,106,131,132
"631","AO-33",32,32,32,32,32,7,7,8,8,8
"632","AO-34",20,20,20,20,24,33,32,32,32,34
"633","AO-35",0,0,0,0,0,0,0,0,0,0
"634","AO-36",0,0,0,0,0,0,0,0,0,0
"635","AO-37",315,316,318,318,309,295,314,323,325,335
"636","AO-38",37,37,37,37,37,95,95,97,97,97
"637","AO-39",22,22,22,22,22,12,12,12,13,13
"638","AO-40",23,24,23,23,23,8,8,8,8,7
"639","AO-41",432,432,439,437,440,1426,1418,1462,1496,1461
"640","AO-42",95,94,95,95,94,192,192,193,200,200
"641","AO-43",55,55,54,54,55,73,76,81,81,84
"642","AO-44",73,88,87,88,88,150,150,155,155,150
"643","AO-45",198,197,197,195,195,711,780,805,857,923
"644","AO-46",359,358,358,360,360,936,937,949,947,950
"645","AO-47",0,0,0,0,0,5,5,5,5,5
"646","AP-18",4,4,4,4,4,6,6,6,6,6
"647","AP-19",18,18,18,19,19,33,33,33,33,33
"648","AP-20",0,0,0,0,0,0,0,0,0,0
"649","AP-21",246,245,250,250,250,394,419,394,395,395
"650","AP-22",127,131,129,127,127,886,857,897,914,919
"651","AP-23",0,0,0,0,0,5,5,5,5,5
"652","AP-24",0,0,0,0,0,6,6,6,6,6
"653","AP-25",0,0,0,0,0,4,4,4,4,4
"654","AP-26",0,0,0,0,0,0,0,0,0,0
"655","AP-27",0,0,0,0,0,0,0,0,0,0
"656","AP-28",29,29,29,29,29,145,133,143,143,146
"657","AP-29",7,7,7,7,7,7,7,7,7,7
"658","AP-30",16,16,16,16,16,27,28,28,27,27
"659","AP-31",0,0,0,0,0,5,5,5,5,5
"660","AP-32",33,33,34,34,33,17,16,18,18,20
"661","AP-33",187,194,198,204,205,78,78,77,75,74
"662","AP-34",75,74,75,76,75,43,43,43,43,43
"663","AP-35",12,12,12,12,12,24,24,24,24,24
"664","AP-36",13,13,13,13,14,22,22,23,23,22
"665","AP-37",7,6,8,8,8,15,15,14,14,14
"666","AP-38",184,184,186,186,182,644,662,661,678,692
"667","AP-39",15,16,14,14,15,22,22,22,22,22
"668","AP-40",70,70,69,69,73,42,42,44,43,48
"669","AP-41",7,7,8,9,9,0,0,0,0,0
"670","AP-42",188,190,188,188,188,72,72,62,63,59
"671","AP-43",321,322,322,322,320,318,317,318,363,377
"672","AP-44",123,124,123,123,124,216,163,219,167,169
"673","AP-45",110,111,111,111,111,603,656,610,665,665
"674","AP-46",327,327,325,325,324,1468,1469,1456,1461,1475
"675","AP-47",229,229,230,230,229,832,810,830,832,890
"676","AP-48",0,0,0,0,0,0,0,0,0,0
"677","AQ-17",0,0,0,0,0,0,0,0,0,0
"678","AQ-18",0,0,0,0,0,0,0,0,0,0
"679","AQ-19",0,0,0,0,0,7,7,7,7,7
"680","AQ-20",7,7,7,7,7,12,12,12,12,12
"681","AQ-21",24,22,24,24,24,13,13,11,11,13
"682","AQ-22",118,118,119,119,119,25,25,25,25,24
"683","AQ-23",0,0,0,0,0,0,0,0,0,0
"684","AQ-24",4,4,4,4,4,5,5,5,5,5
"685","AQ-25",0,0,0,0,0,5,5,5,5,5
"686","AQ-26",0,0,0,0,0,4,4,0,4,4
"687","AQ-27",26,26,26,28,29,30,30,36,27,29
"688","AQ-28",0,0,0,0,0,0,0,0,0,0
"689","AQ-29",0,0,0,0,0,11,12,11,6,0
"690","AQ-30",8,8,8,8,8,10,10,9,9,9
"691","AQ-31",11,10,11,12,12,16,16,16,17,16
"692","AQ-32",4,4,0,0,0,4,4,0,0,0
"693","AQ-33",0,0,0,0,0,5,5,5,5,5
"694","AQ-34",132,133,133,134,134,408,411,415,415,448
"695","AQ-35",8,8,8,8,8,9,9,9,9,9
"696","AQ-36",14,15,15,16,16,28,28,28,26,26
"697","AQ-37",6,6,5,5,5,5,5,5,5,5
"698","AQ-38",16,19,19,19,17,31,30,29,29,31
"699","AQ-39",13,12,12,12,10,29,29,30,31,33
"700","AQ-40",44,44,44,44,44,32,32,33,33,33
"701","AQ-41",51,45,51,51,51,80,78,80,80,80
"702","AQ-42",28,31,28,28,28,47,50,47,48,52
"703","AQ-43",35,35,35,35,35,22,23,24,24,24
"704","AQ-44",208,211,211,211,213,57,57,59,59,59
"705","AQ-45",178,179,175,177,177,437,440,434,434,434
"706","AQ-46",120,120,115,117,117,337,336,341,341,342
"707","AQ-47",0,0,0,0,0,5,5,5,5,5
"708","AR-18",0,0,0,0,0,0,0,0,0,0
"709","AR-19",156,156,156,156,156,197,209,209,209,209
"710","AR-20",6,6,6,6,6,6,6,6,6,6
"711","AR-21",0,0,0,0,0,7,7,9,11,9
"712","AR-22",6,6,6,6,6,22,22,22,22,22
"713","AR-23",0,0,0,0,0,0,0,0,0,0
"714","AR-24",0,0,0,0,0,0,0,0,0,0
"715","AR-25",8,8,8,10,10,30,30,30,33,33
"716","AR-26",4,6,6,5,5,15,13,13,13,13
"717","AR-27",0,0,0,0,0,11,12,12,12,14
"718","AR-28",0,0,0,0,5,6,6,8,8,8
"719","AR-29",9,9,6,6,5,9,9,9,6,6
"720","AR-30",9,9,9,9,9,6,6,6,6,4
"721","AR-31",5,6,5,5,6,5,5,6,4,5
"722","AR-32",7,7,8,8,8,8,8,6,6,6
"723","AR-33",0,0,0,0,0,0,0,5,5,5
"724","AR-34",9,9,8,14,23,7,7,6,8,8
"725","AR-35",122,120,121,121,121,178,187,195,197,197
"726","AR-36",6,6,5,5,5,12,12,10,10,10
"727","AR-37",0,0,0,0,0,4,4,4,4,4
"728","AR-38",13,13,13,13,13,29,29,30,30,30
"729","AR-39",0,0,0,0,0,0,0,0,0,0
"730","AR-40",0,0,0,0,0,5,5,6,6,5
"731","AR-41",6,6,6,6,6,6,6,6,6,6
"732","AR-42",5,5,5,5,5,4,4,4,4,4
"733","AR-43",12,12,12,12,12,6,6,6,6,6
"734","AR-44",49,49,49,49,49,26,26,27,27,27
"735","AR-45",11,11,11,11,12,28,28,26,26,25
"736","AR-46",0,0,0,0,0,0,0,0,0,0
"737","AR-47",0,0,0,0,0,0,0,0,0,0
"738","AS-18",0,0,0,0,0,0,0,0,0,0
"739","AS-19",0,0,0,0,0,0,0,0,0,0
"740","AS-20",0,0,0,0,0,0,0,0,0,0
"741","AS-21",0,0,0,0,0,5,5,5,5,5
"742","AS-22",0,0,0,0,0,0,0,0,0,0
"743","AS-24",0,0,0,0,0,0,0,0,0,0
"744","AS-25",7,6,7,8,8,12,12,11,11,11
"745","AS-26",0,0,0,0,0,0,0,0,0,0
"746","AS-27",9,9,9,9,9,35,35,35,35,35
"747","AS-28",0,0,0,0,0,0,0,4,0,0
"748","AS-29",16,16,16,16,16,22,22,22,22,22
"749","AS-30",0,0,0,0,0,0,0,0,0,0
"750","AS-31",13,13,13,13,13,24,22,25,25,25
"751","AS-32",15,15,15,15,15,14,16,13,14,14
"752","AS-33",11,11,11,11,11,15,15,17,17,17
"753","AS-34",27,27,25,25,25,33,33,33,33,33
"754","AS-35",6,6,8,8,8,10,10,13,13,14
"755","AS-36",0,0,0,0,0,4,4,4,4,4
"756","AS-37",0,0,0,0,0,4,4,4,4,4
"757","AS-38",12,13,13,13,13,12,11,11,11,11
"758","AS-39",6,6,6,6,6,15,15,15,15,15
"759","AS-40",5,5,5,5,5,9,9,9,9,9
"760","AS-41",0,0,0,0,0,8,8,8,8,8
"761","AS-42",4,0,4,4,4,7,7,7,7,7
"762","AS-43",19,20,19,19,19,23,25,26,26,26
"763","AS-44",36,36,34,33,29,36,36,40,41,46
"764","AS-45",0,0,0,0,0,0,0,0,0,0
"765","AS-46",4,4,4,4,4,5,5,5,5,5
"766","AT-26",0,0,0,0,0,0,0,0,0,0
"767","AT-27",0,0,0,0,0,0,0,0,0,0
"768","AT-28",0,0,0,0,0,5,5,4,4,4
"769","AT-29",11,11,11,11,11,6,6,6,5,5
"770","AT-30",0,0,0,0,0,8,8,8,8,8
"771","AT-31",0,0,0,0,0,5,5,5,5,5
"772","AT-32",6,6,6,6,6,12,12,13,13,13
"773","AT-33",21,21,22,23,23,20,20,23,23,23
"774","AT-34",0,0,0,0,0,0,0,0,0,0
"775","AT-35",15,13,15,15,15,29,33,31,31,31
"776","AT-36",7,7,6,6,6,5,5,6,6,6
"777","AT-37",0,0,0,0,0,4,4,4,4,4
"778","AT-38",10,10,10,10,10,4,4,4,4,4
"779","AT-39",5,5,5,4,4,8,8,6,6,6
"780","AT-40",97,92,98,108,117,51,43,57,56,58
"781","AT-41",10,10,10,10,10,28,30,29,29,31
"782","AT-42",20,20,18,18,18,67,67,67,68,66
"783","AT-43",32,31,33,33,32,19,19,17,17,17
"784","AT-44",289,289,292,274,252,570,577,603,657,703
"785","AT-45",69,69,68,68,67,216,216,217,217,220
"786","AT-46",31,29,28,28,28,23,28,31,31,31
"787","AU-27",0,0,0,0,0,0,0,0,0,0
"788","AU-28",0,0,0,0,0,0,0,0,0,0
"789","AU-31",6,6,6,6,6,9,10,10,10,10
"790","AU-32",6,6,6,6,6,14,14,14,14,14
"791","AU-33",5,5,5,5,5,0,0,0,0,0
"792","AU-34",0,0,0,0,0,0,0,0,0,0
"793","AU-35",32,32,31,31,31,57,57,57,57,57
"794","AU-36",0,0,0,0,0,0,0,0,0,0
"795","AU-37",34,35,36,36,36,48,22,51,51,51
"796","AU-38",69,69,69,71,74,126,126,126,126,127
"797","AU-39",14,14,14,17,18,10,10,10,10,10
"798","AU-40",37,41,34,34,34,14,51,9,9,10
"799","AU-41",29,29,29,29,28,65,65,56,57,57
"800","AU-42",16,16,18,18,18,65,66,65,68,68
"801","AU-43",127,127,119,115,97,320,316,344,352,362
"802","AU-44",229,227,213,210,186,913,948,965,973,1008
"803","AU-45",40,39,39,39,34,225,225,224,225,230
"804","AU-46",8,8,8,8,8,0,0,0,0,0
"805","AV-28",0,0,0,0,0,0,0,0,0,0
"806","AV-32",0,0,0,0,0,0,0,0,0,0
"807","AV-33",6,6,6,6,6,16,16,16,16,16
"808","AV-34",0,0,0,0,0,4,4,4,4,4
"809","AV-35",0,0,0,0,0,0,0,0,0,0
"810","AV-36",66,65,65,65,65,59,61,61,61,61
"811","AV-37",76,76,76,76,75,78,90,93,93,96
"812","AV-38",0,0,0,0,0,0,0,0,0,0
"813","AV-39",9,9,9,9,9,14,14,14,14,14
"814","AV-40",7,7,7,7,7,0,0,0,0,0
"815","AV-41",0,0,4,4,4,5,5,7,8,8
"816","AV-42",12,12,12,12,12,17,17,17,17,17
"817","AV-43",19,18,19,19,19,23,23,22,22,23
"818","AV-44",16,16,15,15,15,33,33,31,30,33
"819","AV-45",139,130,129,130,123,327,340,342,353,369
"820","AV-46",37,37,36,36,36,22,27,29,34,29
"821","AW-32",0,0,0,0,0,0,0,0,0,0
"822","AW-33",0,0,0,0,0,0,0,0,0,0
"823","AW-34",0,0,0,0,0,4,4,4,4,4
"824","AW-35",4,4,4,4,4,6,6,6,6,6
"825","AW-36",4,4,4,4,4,17,17,17,17,17
"826","AW-37",7,7,7,7,7,17,17,17,17,20
"827","AW-38",0,0,0,0,0,0,0,0,0,0
"828","AW-39",0,0,0,0,0,0,0,0,0,0
"829","AW-40",0,0,0,0,0,0,0,0,0,0
"830","AW-41",0,0,0,0,0,0,0,0,0,0
"831","AW-42",0,0,0,0,0,11,11,12,12,12
"832","AW-43",0,0,0,0,0,32,33,34,35,35
"833","AW-44",17,17,18,18,17,41,41,41,42,43
"834","AW-45",0,0,0,0,0,0,0,0,0,0
"835","AX-35",0,0,0,0,0,0,0,0,0,0
"836","AX-36",0,0,0,0,0,0,0,0,0,0
"837","AX-37",8,8,8,8,8,9,9,9,9,9
"838","AX-38",4,4,4,4,4,0,0,0,0,0
"839","AX-39",0,0,0,0,0,11,11,11,11,11
"840","AX-40",0,0,0,0,0,0,0,0,0,0
"841","AX-41",0,0,0,0,0,0,0,0,0,0
"842","AX-42",0,0,0,0,0,0,0,0,0,0
"843","AY-35",0,0,0,0,0,0,0,0,0,0
"844","AY-36",0,0,0,0,0,0,0,0,0,0
"845","AY-37",5,5,5,5,5,0,0,0,0,0
"846","AY-38",0,0,0,0,0,0,0,0,0,0
"847","AY-39",0,0,0,0,0,0,0,0,0,0
"848","AY-40",0,0,0,0,0,0,0,0,0,0
"849","AZ-38",0,0,0,0,0,0,0,0,0,0
"850","AZ-39",0,0,0,0,0,0,0,0,0,0
"851","AZ-40",0,0,0,0,0,0,0,0,0,0
"852","B-20",54,54,53,53,53,18,18,18,20,20
"853","B-21",197,200,201,204,204,193,192,192,199,207
"854","B-22",13,13,14,14,14,15,15,15,15,15
"855","B-23",0,0,0,0,0,0,0,0,0,0
"856","B-24",0,0,0,0,0,0,0,0,0,0
"857","B-25",0,0,0,0,0,0,0,0,0,0
"858","B-26",0,0,0,0,0,0,0,0,0,0
"859","B-31",0,0,0,0,0,0,0,0,0,0
"860","B-32",0,0,0,0,0,0,0,0,0,0
"861","C-18",0,0,0,0,0,0,0,0,0,0
"862","C-19",0,0,0,0,0,0,0,0,0,0
"863","C-20",180,178,179,179,180,371,373,377,383,417
"864","C-21",21,22,25,25,25,36,36,36,36,36
"865","C-22",0,0,0,0,0,4,4,4,4,4
"866","C-23",0,0,0,0,0,0,0,0,0,0
"867","C-24",0,0,0,0,0,0,0,0,0,0
"868","C-25",55,54,54,54,54,193,193,192,201,203
"869","C-26",0,23,62,62,61,84,84,84,84,84
"870","C-27",103,103,103,103,103,53,53,53,60,60
"871","C-28",0,0,0,0,0,5,5,5,5,5
"872","C-30",0,0,0,0,0,0,0,0,0,0
"873","C-31",136,136,136,138,138,15,15,15,15,15
"874","C-32",0,0,0,0,0,0,0,0,0,0
"875","D-18",0,0,0,0,0,0,0,0,0,0
"876","D-19",0,0,0,0,0,0,0,0,0,0
"877","D-20",0,0,0,0,0,0,0,0,0,0
"878","D-21",36,37,37,37,37,29,29,28,28,46
"879","D-22",114,112,112,112,111,114,115,115,115,118
"880","D-23",0,0,0,0,0,0,0,0,0,0
"881","D-24",29,29,29,29,24,0,0,0,0,8
"882","D-25",136,134,134,134,137,112,110,113,107,122
"883","D-26",118,116,115,115,115,445,444,453,450,451
"884","D-27",53,55,62,62,62,76,78,78,78,78
"885","D-28",0,0,0,0,0,0,0,0,0,0
"886","D-29",212,214,216,215,198,646,652,668,662,680
"887","D-30",8,8,8,8,8,36,36,36,36,36
"888","D-31",62,61,62,62,62,2924,2992,2943,2944,2960
"889","D-32",238,237,239,243,244,2152,2154,2157,2164,2165
"890","D-33",0,0,0,0,0,5,5,7,7,7
"891","D-34",0,0,0,0,0,4,4,4,4,4
"892","D-43",0,0,0,0,0,0,0,0,0,0
"893","D-44",0,0,0,0,0,5,5,5,5,5
"894","E-16",0,0,0,0,0,0,0,0,0,0
"895","E-17",0,0,0,0,0,13,13,13,15,15
"896","E-18",0,0,0,0,0,0,0,0,0,0
"897","E-19",0,0,0,0,0,0,0,0,0,0
"898","E-20",9,9,9,9,9,5,5,5,5,5
"899","E-21",326,329,330,331,332,565,565,562,601,623
"900","E-22",4,4,4,4,4,9,9,7,7,7
"901","E-23",0,0,0,0,0,0,0,0,0,0
"902","E-24",184,183,182,182,183,205,206,211,213,211
"903","E-25",11,11,11,11,11,30,33,38,38,47
"904","E-26",46,46,46,46,46,189,196,190,190,190
"905","E-27",213,211,212,212,212,336,336,343,344,346
"906","E-28",0,0,0,0,0,4,4,4,4,4
"907","E-29",314,313,315,314,313,1196,1196,1203,1220,1249
"908","E-30",6,7,6,6,7,184,301,532,797,829
"909","E-31",234,234,235,234,234,2437,2466,2556,2577,2596
"910","E-32",248,249,250,274,275,265,265,266,266,284
"911","E-33",0,0,0,0,0,0,0,0,0,0
"912","E-34",4,4,4,4,4,0,0,0,0,0
"913","E-35",0,0,0,0,0,0,0,0,0,0
"914","E-36",0,0,0,0,0,0,0,0,0,0
"915","E-37",0,0,0,0,0,0,0,0,0,0
"916","E-42",0,0,0,0,0,0,0,0,0,0
"917","E-43",102,99,103,105,105,78,78,77,77,77
"918","E-44",263,263,264,263,265,335,335,351,385,400
"919","E-45",0,0,0,0,4,25,25,25,25,24
"920","E-46",0,0,0,0,0,0,0,0,0,0
"921","E-47",0,0,0,0,0,0,0,0,0,0
"922","F-15",0,0,0,0,0,14,14,14,14,42
"923","F-16",0,0,0,0,0,0,0,0,0,0
"924","F-17",0,0,0,0,0,0,0,0,0,0
"925","F-18",0,0,0,0,0,11,11,11,9,9
"926","F-19",0,0,0,0,0,8,8,8,8,8
"927","F-20",0,0,0,0,0,0,0,0,0,0
"928","F-21",145,145,147,147,149,92,92,92,94,99
"929","F-22",53,52,53,52,53,145,145,145,147,150
"930","F-23",0,0,0,0,0,0,0,0,0,0
"931","F-24",0,0,0,0,0,0,0,0,0,0
"932","F-25",16,16,16,16,16,22,22,22,23,23
"933","F-26",4,4,4,0,0,6,6,6,8,8
"934","F-27",0,4,0,0,0,5,5,5,5,5
"935","F-28",0,0,0,0,0,0,0,0,0,0
"936","F-29",63,63,63,61,61,16,16,16,16,16
"937","F-30",233,232,234,237,237,436,440,440,442,442
"938","F-31",64,64,64,64,64,767,767,785,788,788
"939","F-32",57,57,56,56,56,1999,2074,2051,2054,2055
"940","F-33",117,115,114,113,109,1239,1204,1231,1231,1244
"941","F-34",38,38,37,38,39,646,646,646,635,635
"942","F-35",0,0,0,0,0,0,0,0,0,0
"943","F-36",7,7,7,7,7,0,0,0,0,0
"944","F-37",6,6,6,6,6,13,13,13,13,12
"945","F-38",0,0,0,0,0,0,0,0,0,0
"946","F-39",0,0,0,0,0,0,0,0,0,0
"947","F-40",0,0,0,0,0,0,0,0,0,0
"948","F-43",0,0,0,0,0,4,4,4,4,4
"949","F-44",87,90,87,86,88,68,68,86,86,86
"950","F-45",72,72,73,73,73,38,38,38,38,38
"951","F-46",338,339,342,342,342,571,576,606,600,603
"952","F-47",7,6,7,7,6,6,6,6,6,5
"953","F-48",0,0,0,0,0,0,0,0,0,0
"954","F-49",4,4,4,4,4,8,8,8,8,8
"955","F-50",0,0,0,0,0,0,0,0,0,0
"956","G-14",0,0,0,0,0,0,0,0,0,0
"957","G-15",106,116,117,120,120,178,195,197,198,231
"958","G-16",0,0,0,0,0,0,0,0,0,0
"959","G-17",0,0,0,0,0,0,0,0,0,0
"960","G-18",37,37,40,43,45,30,30,30,29,29
"961","G-19",0,0,0,0,0,8,8,8,8,8
"962","G-20",0,0,0,0,0,0,0,0,0,0
"963","G-21",0,0,0,0,0,12,12,12,12,12
"964","G-22",35,35,35,35,35,81,102,103,104,109
"965","G-23",23,23,23,23,23,142,142,143,140,140
"966","G-24",0,0,0,0,0,0,0,0,0,0
"967","G-25",214,220,221,220,222,188,199,203,205,208
"968","G-26",50,49,50,50,49,265,403,539,539,541
"969","G-27",26,25,25,25,25,260,254,269,270,277
"970","G-28",11,11,10,10,10,0,0,0,0,0
"971","G-29",185,184,182,186,189,248,247,253,261,260
"972","G-30",0,0,0,0,0,10,10,10,10,10
"973","G-31",0,0,0,0,0,21,21,21,21,21
"974","G-32",186,184,183,184,182,2089,2098,2102,2105,2105
"975","G-33",270,272,271,273,277,1499,1491,1506,1586,1618
"976","G-34",0,0,0,0,0,134,134,134,122,134
"977","G-35",0,0,0,0,0,17,17,17,17,17
"978","G-36",49,49,50,50,42,444,444,445,462,469
"979","G-37",0,0,0,0,0,7,7,7,7,7
"980","G-38",0,0,5,5,5,28,28,28,26,26
"981","G-39",0,0,0,0,0,0,0,0,0,0
"982","G-40",0,0,0,0,0,0,0,0,0,0
"983","G-41",0,0,0,0,0,0,0,0,0,0
"984","G-42",7,7,8,8,8,12,11,10,10,10
"985","G-43",66,67,68,67,67,223,223,222,225,225
"986","G-44",0,0,0,0,0,0,0,0,0,0
"987","G-45",381,387,393,395,390,344,343,369,391,408
"988","G-46",161,161,161,161,159,146,146,142,145,166
"989","G-47",0,0,0,0,0,0,0,0,0,0
"990","G-48",45,46,46,47,47,103,102,102,105,103
"991","G-49",32,33,33,34,34,54,54,54,54,56
"992","G-50",0,0,0,0,0,0,0,0,0,0
"993","H-14",0,0,0,0,0,0,0,0,0,0
"994","H-15",0,0,0,0,0,0,0,0,0,0
"995","H-16",83,84,87,87,87,68,67,67,67,67
"996","H-17",0,0,0,0,0,0,0,0,0,0
"997","H-18",0,0,0,0,0,0,0,0,0,0
"998","H-19",31,31,31,32,34,107,107,106,104,105
"999","H-20",0,0,0,0,0,5,5,5,5,5
"1000","H-21",4,4,4,4,4,5,5,5,5,5
"1001","H-22",168,170,170,168,168,271,280,288,290,298
"1002","H-23",84,84,85,84,84,363,363,359,365,365
"1003","H-24",57,55,60,62,62,43,43,49,49,49
"1004","H-25",17,18,22,24,24,21,21,23,22,22
"1005","H-26",127,149,154,155,155,1405,1465,1470,1479,1506
"1006","H-27",15,15,15,15,15,215,215,235,235,236
"1007","H-28",229,229,229,230,230,899,930,919,933,976
"1008","H-29",0,0,0,0,0,0,0,0,0,0
"1009","H-30",246,245,244,244,244,735,752,750,759,789
"1010","H-31",103,103,103,107,107,713,713,718,700,717
"1011","H-32",175,175,175,175,175,2656,2653,2679,2805,2932
"1012","H-33",42,41,43,44,41,362,364,363,368,372
"1013","H-34",6,6,6,6,6,144,144,144,144,148
"1014","H-35",0,0,0,0,0,13,13,13,13,13
"1015","H-36",166,165,168,167,163,536,540,540,533,547
"1016","H-37",242,240,242,242,235,603,603,608,611,629
"1017","H-38",164,167,165,164,164,221,223,243,288,290
"1018","H-39",44,44,44,45,44,13,13,13,12,15
"1019","H-40",0,0,0,0,0,0,0,0,0,0
"1020","H-41",4,4,4,4,4,4,4,4,0,4
"1021","H-42",160,162,164,163,164,170,170,185,187,190
"1022","H-43",128,129,132,132,134,112,114,114,112,133
"1023","H-44",63,65,63,63,63,77,75,77,77,85
"1024","H-45",61,57,60,60,60,180,179,181,271,270
"1025","H-46",38,38,39,40,38,64,64,65,65,72
"1026","H-47",0,0,0,0,0,8,8,8,7,7
"1027","H-48",0,0,0,0,0,0,0,0,0,0
"1028","H-49",17,17,17,17,17,56,56,56,56,55
"1029","H-50",0,0,0,0,0,0,0,0,0,0
"1030","I-10",0,0,0,0,0,0,0,0,0,0
"1031","I-11",0,0,0,0,0,5,5,5,5,5
"1032","I-12",0,0,0,0,0,0,0,0,0,0
"1033","I-13",0,0,0,0,0,0,0,0,0,0
"1034","I-14",0,0,0,0,0,4,4,4,4,4
"1035","I-15",0,0,0,0,0,0,0,0,0,0
"1036","I-16",29,30,30,31,36,34,34,34,34,41
"1037","I-17",0,0,0,0,0,0,0,0,0,0
"1038","I-18",113,113,114,113,113,72,72,86,92,92
"1039","I-19",0,0,0,0,0,8,8,8,11,11
"1040","I-20",9,9,8,8,9,9,9,9,14,14
"1041","I-21",130,130,134,135,133,231,231,222,222,224
"1042","I-22",43,43,43,42,42,395,387,386,392,399
"1043","I-23",193,195,192,192,193,1817,1853,1884,1905,1910
"1044","I-24",109,109,109,109,109,193,195,193,207,207
"1045","I-25",9,9,9,9,9,11,9,11,9,9
"1046","I-26",36,36,36,36,36,405,404,403,404,404
"1047","I-27",0,0,0,0,0,129,130,130,130,130
"1048","I-28",42,42,46,46,46,233,233,233,233,238
"1049","I-29",0,0,0,0,0,0,0,0,0,0
"1050","I-30",284,284,283,278,252,1940,1939,2000,1951,2026
"1051","I-31",60,60,60,60,61,714,714,714,705,705
"1052","I-32",85,85,85,85,87,1292,1292,1291,1286,1301
"1053","I-33",0,0,0,0,0,0,0,0,0,0
"1054","I-34",276,276,274,258,263,605,605,609,623,620
"1055","I-35",31,31,33,33,33,174,168,175,166,171
"1056","I-36",155,155,155,155,153,164,170,164,192,188
"1057","I-37",0,0,0,0,0,0,0,0,0,0
"1058","I-38",0,0,0,0,0,0,4,4,4,4
"1059","I-39",6,6,6,6,6,9,9,9,9,9
"1060","I-40",12,12,12,12,13,10,10,10,10,10
"1061","I-41",46,47,46,43,45,25,27,25,25,20
"1062","I-42",307,301,316,315,315,516,516,523,591,607
"1063","I-43",119,120,112,112,111,784,788,783,833,846
"1064","I-44",392,395,392,392,388,2383,2393,2477,2461,2455
"1065","I-45",157,156,160,160,160,230,230,229,226,226
"1066","I-46",0,0,0,0,0,10,8,8,8,8
"1067","I-47",39,38,38,39,40,94,94,95,96,96
"1068","I-48",17,22,17,17,17,24,24,24,24,24
"1069","I-49",8,8,8,9,8,19,19,21,23,23
"1070","I-50",0,0,0,0,0,0,0,0,0,0
"1071","J-10",0,0,0,0,0,0,0,0,0,0
"1072","J-11",4,4,4,4,4,0,0,0,0,0
"1073","J-12",120,121,121,125,128,108,108,106,106,115
"1074","J-13",0,0,0,0,0,0,0,0,0,0
"1075","J-14",74,74,74,77,79,72,72,72,72,88
"1076","J-15",15,15,15,15,16,34,34,34,34,34
"1077","J-16",0,0,0,0,0,7,7,7,6,6
"1078","J-17",70,70,70,66,67,142,142,146,140,144
"1079","J-18",73,73,73,70,70,157,164,157,161,161
"1080","J-19",61,61,63,53,53,114,107,114,129,188
"1081","J-20",217,214,220,218,221,518,509,531,533,537
"1082","J-21",152,157,153,156,156,209,209,211,207,210
"1083","J-22",14,15,13,13,13,19,19,18,18,18
"1084","J-23",0,0,0,0,0,34,34,34,36,36
"1085","J-24",0,0,0,0,0,0,5,5,5,5
"1086","J-25",73,72,73,70,72,34,38,37,41,70
"1087","J-26",76,76,76,76,80,427,428,428,517,517
"1088","J-27",264,267,266,266,267,861,873,908,908,908
"1089","J-28",129,130,129,128,127,1533,1534,1533,1440,1531
"1090","J-29",201,201,199,200,198,1823,1833,1823,1835,1835
"1091","J-30",13,13,13,13,13,27,27,27,27,27
"1092","J-31",150,150,149,149,146,1163,1170,1172,1189,1219
"1093","J-32",63,63,63,64,64,746,755,754,748,748
"1094","J-33",67,70,70,69,69,1321,1314,1315,1316,1321
"1095","J-34",0,0,0,0,0,0,0,0,0,0
"1096","J-35",90,90,90,89,88,187,189,187,188,188
"1097","J-36",257,256,257,247,244,550,557,554,574,580
"1098","J-37",61,61,61,61,59,143,137,144,162,165
"1099","J-38",33,33,33,33,33,345,345,353,366,385
"1100","J-39",11,11,10,10,10,160,160,163,163,163
"1101","J-40",72,71,71,71,71,446,446,446,453,455
"1102","J-41",185,189,186,188,188,487,487,489,489,489
"1103","J-42",5,5,5,5,5,0,0,9,9,9
"1104","J-43",0,0,0,0,0,7,7,7,7,7
"1105","J-44",173,173,173,173,176,196,203,205,206,204
"1106","J-45",29,30,29,29,29,11,11,8,17,17
"1107","J-46",0,0,0,0,0,0,0,0,0,0
"1108","J-47",107,106,105,105,105,133,138,139,142,143
"1109","J-48",340,335,340,341,343,741,815,844,846,869
"1110","J-49",0,0,0,0,4,6,6,6,5,5
"1111","J-50",207,210,210,207,208,390,439,464,466,481
"1112","J-51",50,51,51,51,53,29,29,29,29,29
"1113","K-10",6,6,6,6,6,0,0,0,0,0
"1114","K-11",52,58,66,66,71,17,17,17,17,17
"1115","K-12",9,9,9,9,9,0,0,0,0,0
"1116","K-13",4,4,4,4,4,5,5,5,5,5
"1117","K-14",0,0,0,0,0,92,92,92,93,93
"1118","K-15",6,6,6,5,5,9,9,9,11,11
"1119","K-16",0,0,0,0,0,5,5,5,5,5
"1120","K-17",0,0,0,0,0,12,12,9,9,9
"1121","K-18",0,0,0,0,0,6,6,6,6,6
"1122","K-19",0,0,0,0,0,24,24,24,24,30
"1123","K-20",91,91,90,90,89,140,146,148,148,148
"1124","K-21",23,24,23,23,23,18,18,18,18,18
"1125","K-22",4,4,4,4,4,11,11,11,11,11
"1126","K-23",172,172,171,171,171,594,603,603,603,600
"1127","K-24",37,38,36,37,36,133,133,133,135,121
"1128","K-25",6,6,6,6,6,0,0,0,0,0
"1129","K-26",160,163,162,164,164,71,71,71,71,71
"1130","K-27",145,145,149,149,149,944,950,950,964,981
"1131","K-28",25,25,25,25,25,130,144,163,160,167
"1132","K-29",0,0,0,0,0,5,4,4,4,4
"1133","K-30",56,59,60,59,59,1984,2013,2010,2012,2012
"1134","K-31",42,42,41,41,39,1514,1514,1500,1484,1385
"1135","K-32",88,85,87,87,88,3059,3245,3266,3272,3237
"1136","K-33",164,168,170,170,172,3626,3691,3668,3697,3727
"1137","K-34",152,158,159,159,160,1057,1038,1054,1045,1056
"1138","K-35",0,0,0,0,0,0,0,0,0,0
"1139","K-36",0,0,0,0,0,10,10,10,10,10
"1140","K-37",280,285,284,289,288,285,343,342,346,346
"1141","K-38",445,447,446,445,444,599,606,602,621,623
"1142","K-39",510,509,510,510,510,265,265,272,272,271
"1143","K-40",124,121,122,123,123,314,326,326,334,366
"1144","K-41",0,0,0,0,0,4,4,4,0,0
"1145","K-42",0,0,0,0,0,0,0,0,0,0
"1146","K-43",11,11,11,11,11,8,8,12,12,12
"1147","K-44",30,30,30,30,30,38,38,47,46,46
"1148","K-45",89,89,91,91,91,75,67,78,79,80
"1149","K-46",0,0,0,0,0,0,0,0,0,0
"1150","K-47",45,45,45,45,48,32,32,32,32,32
"1151","K-48",14,14,14,14,14,10,10,10,11,11
"1152","K-49",15,15,15,12,12,16,15,15,18,18
"1153","K-50",7,7,8,9,7,33,42,33,33,33
"1154","K-51",0,0,0,0,0,0,0,0,0,0
"1155","K-9",0,0,0,0,0,0,0,0,0,0
"1156","L-10",41,43,41,41,42,31,31,31,31,30
"1157","L-11",82,80,82,81,81,53,53,53,55,55
"1158","L-12",115,117,116,118,117,92,91,92,94,93
"1159","L-13",0,0,0,0,0,0,0,0,0,0
"1160","L-14",0,0,0,0,0,4,4,4,4,4
"1161","L-15",166,169,170,171,172,275,275,276,276,274
"1162","L-16",65,68,65,65,65,19,7,19,19,19
"1163","L-17",0,0,0,0,0,7,7,7,7,7
"1164","L-18",0,0,0,0,0,0,0,0,0,0
"1165","L-19",0,0,0,0,0,0,0,0,0,0
"1166","L-20",0,0,0,0,0,0,0,0,0,0
"1167","L-21",128,128,129,145,145,91,90,92,156,156
"1168","L-22",158,158,158,159,158,634,633,635,635,639
"1169","L-23",497,499,496,501,503,1119,1119,1128,1127,1177
"1170","L-24",139,141,141,141,143,221,221,227,228,227
"1171","L-25",31,32,43,43,42,178,185,209,232,236
"1172","L-26",0,0,0,0,0,7,7,7,7,7
"1173","L-27",11,11,11,11,12,7,7,7,8,6
"1174","L-28",0,0,0,0,0,0,0,0,0,0
"1175","L-29",38,37,37,37,37,404,397,403,413,455
"1176","L-30",0,0,0,0,0,44,41,41,41,41
"1177","L-31",191,192,193,193,191,2636,2669,2658,2667,2678
"1178","L-32",65,70,70,68,67,2233,2332,2313,2322,2344
"1179","L-33",12,14,14,14,15,3988,4088,4147,4223,4307
"1180","L-34",87,88,88,87,88,3547,3666,3913,3926,3955
"1181","L-35",225,230,230,230,229,3498,3624,3668,3680,3600
"1182","L-36",0,0,0,0,0,99,102,101,101,101
"1183","L-37",10,11,10,9,9,17,16,13,13,13
"1184","L-38",285,285,287,287,287,56,56,56,56,56
"1185","L-39",16,16,16,16,16,229,257,229,229,229
"1186","L-40",108,108,108,108,108,191,163,191,191,191
"1187","L-41",20,20,20,20,20,45,45,45,45,45
"1188","L-42",17,17,17,17,17,21,21,21,21,21
"1189","L-43",4,4,4,4,4,8,8,8,8,8
"1190","L-44",30,30,30,29,29,88,88,88,92,92
"1191","L-45",136,136,137,133,133,110,110,106,109,110
"1192","L-46",71,71,69,68,68,121,131,120,121,121
"1193","L-47",36,35,37,36,36,35,35,37,33,34
"1194","L-48",72,82,82,82,84,50,59,59,59,60
"1195","L-49",0,0,0,0,0,6,7,7,7,7
"1196","L-50",35,35,35,35,35,23,23,23,23,23
"1197","L-51",0,0,0,0,0,5,5,5,5,5
"1198","L-52",0,0,0,0,0,0,0,0,0,0
"1199","L-9",0,0,0,0,0,0,0,0,0,0
"1200","M-10",214,216,214,218,225,235,237,252,268,266
"1201","M-11",0,0,0,0,0,16,16,17,17,17
"1202","M-12",0,0,0,0,0,0,0,0,0,0
"1203","M-13",20,21,20,19,19,54,66,67,67,86
"1204","M-14",0,0,0,0,0,0,0,0,0,0
"1205","M-15",330,327,330,331,332,788,811,819,873,922
"1206","M-16",6,7,6,5,5,36,36,37,39,44
"1207","M-17",0,0,0,0,0,0,0,0,0,0
"1208","M-18",12,12,12,12,12,5,5,5,5,5
"1209","M-19",0,0,0,0,0,6,6,6,6,6
"1210","M-20",77,79,78,73,73,372,373,377,381,382
"1211","M-21",110,110,110,110,110,102,104,102,102,102
"1212","M-22",120,119,120,120,120,711,711,725,757,744
"1213","M-23",51,52,51,51,51,557,557,562,765,765
"1214","M-24",364,326,343,341,342,567,594,615,627,628
"1215","M-25",5,4,4,4,4,59,59,60,60,60
"1216","M-26",0,0,0,0,0,0,0,0,0,0
"1217","M-27",0,0,0,0,0,14,14,14,13,13
"1218","M-28",0,0,4,5,5,22,24,23,22,22
"1219","M-29",97,62,62,62,63,3724,4345,4361,4389,4487
"1220","M-30",24,26,26,26,26,980,982,980,978,986
"1221","M-31",151,161,162,160,158,2662,2629,2629,2615,2630
"1222","M-32",131,132,132,129,128,1014,1028,1149,1148,1147
"1223","M-33",199,201,204,202,201,4063,4047,4226,4231,4234
"1224","M-34",4,4,4,5,5,4742,4718,4832,4944,5020
"1225","M-35",439,421,435,461,461,2452,2560,2665,2662,2561
"1226","M-36",320,320,320,320,320,372,381,381,381,381
"1227","M-37",0,0,0,0,0,0,0,0,0,0
"1228","M-38",0,0,0,0,0,0,0,0,0,0
"1229","M-39",10,10,10,10,10,79,83,83,83,83
"1230","M-40",0,0,0,0,0,0,0,0,0,0
"1231","M-41",11,11,11,11,11,7,7,7,7,7
"1232","M-42",11,11,11,11,11,12,12,12,12,12
"1233","M-43",0,0,0,0,0,0,0,0,0,0
"1234","M-44",20,20,22,22,22,30,30,31,31,34
"1235","M-45",0,0,0,0,0,8,7,8,8,8
"1236","M-46",0,0,0,0,0,4,4,4,4,4
"1237","M-47",34,34,34,34,34,38,38,43,45,45
"1238","M-48",61,61,61,62,61,84,84,86,86,88
"1239","M-49",19,18,19,19,19,45,45,44,44,50
"1240","M-50",47,53,53,52,65,85,85,85,86,102
"1241","M-51",0,0,0,0,0,0,0,0,0,0
"1242","M-7",0,0,0,0,0,0,0,0,0,0
"1243","M-8",0,0,0,0,0,0,0,0,0,0
"1244","M-9",0,0,0,0,0,0,0,0,0,0
"1245","N-10",6,6,6,6,6,25,25,25,25,25
"1246","N-11",0,0,0,0,0,0,0,0,0,0
"1247","N-12",0,0,0,0,0,0,0,0,0,0
"1248","N-13",234,234,239,237,236,153,152,206,205,219
"1249","N-14",215,223,214,215,212,585,597,668,721,732
"1250","N-15",0,0,0,0,0,7,7,7,7,7
"1251","N-16",0,0,0,0,0,5,5,5,5,5
"1252","N-17",0,0,0,0,0,7,7,7,7,7
"1253","N-18",0,0,0,0,0,6,6,6,6,6
"1254","N-19",275,277,279,282,280,493,497,499,501,502
"1255","N-20",43,43,43,43,43,200,201,200,203,229
"1256","N-21",12,12,12,12,12,211,211,211,211,211
"1257","N-22",0,0,0,0,0,0,0,0,0,0
"1258","N-23",16,16,16,16,16,8,8,8,8,8
"1259","N-24",308,309,310,319,322,902,906,900,919,918
"1260","N-25",27,29,27,27,27,85,94,76,80,97
"1261","N-26",0,0,0,0,0,6,6,6,6,6
"1262","N-27",26,25,27,27,28,17,18,17,17,15
"1263","N-28",7,7,7,6,6,14,14,14,16,16
"1264","N-29",10,10,10,10,10,1055,1059,1061,1061,1061
"1265","N-30",119,120,122,122,120,1947,1913,2117,2152,2154
"1266","N-31",16,16,16,16,16,286,227,232,232,231
"1267","N-32",146,149,149,149,149,2916,2896,2889,2844,2872
"1268","N-33",0,0,0,0,0,845,916,1100,1573,1756
"1269","N-34",0,0,0,0,0,8920,9163,9194,9216,9372
"1270","N-35",94,96,95,95,95,10141,10243,10356,10406,10407
"1271","N-36",362,365,365,365,365,2683,2701,2708,2804,2793
"1272","N-37",15,15,15,15,15,104,106,106,106,106
"1273","N-38",78,78,78,78,78,292,296,292,292,292
"1274","N-39",301,301,301,301,299,1248,1250,1249,1280,1282
"1275","N-40",161,162,162,162,160,1560,1558,1548,1544,1550
"1276","N-41",127,130,128,128,129,550,538,543,542,543
"1277","N-42",66,65,66,67,64,171,171,228,236,237
"1278","N-43",0,0,0,0,0,0,0,0,0,0
"1279","N-44",0,0,0,0,0,0,0,0,0,0
"1280","N-45",9,9,9,9,9,15,17,16,16,16
"1281","N-46",21,22,22,22,22,22,22,22,22,22
"1282","N-47",0,0,0,0,0,14,14,14,14,14
"1283","N-48",0,0,0,0,0,0,0,0,0,0
"1284","N-49",0,0,0,0,0,0,0,0,0,0
"1285","N-50",0,0,0,0,0,5,5,5,5,5
"1286","N-51",0,0,0,0,0,0,0,0,0,0
"1287","N-8",0,0,0,0,0,0,0,0,0,0
"1288","N-9",0,0,0,0,0,5,5,5,5,5
"1289","O-10",29,26,28,31,28,83,82,103,103,103
"1290","O-11",0,0,0,0,0,0,0,0,0,0
"1291","O-12",0,0,0,0,0,0,0,0,0,0
"1292","O-13",180,185,174,172,170,296,295,300,301,305
"1293","O-14",5,0,10,10,10,57,57,57,57,57
"1294","O-15",0,0,0,0,0,4,4,4,4,4
"1295","O-16",0,0,0,0,0,0,0,0,0,0
"1296","O-17",0,0,0,0,0,0,0,0,0,0
"1297","O-18",0,0,0,0,0,0,0,0,0,0
"1298","O-19",311,311,311,311,309,1207,1210,1212,1232,1266
"1299","O-20",12,12,12,12,13,527,526,527,526,589
"1300","O-21",0,0,0,0,0,0,0,0,0,0
"1301","O-22",0,0,0,0,0,0,0,0,0,0
"1302","O-23",59,59,59,56,57,401,405,400,395,393
"1303","O-24",0,0,0,0,0,0,0,0,0,0
"1304","O-25",13,14,13,13,13,0,0,0,0,0
"1305","O-26",312,311,312,313,321,2034,2073,2040,2068,2278
"1306","O-27",119,120,122,123,126,311,310,311,311,365
"1307","O-28",0,0,0,0,0,10,10,10,8,8
"1308","O-29",5,5,5,5,5,195,199,199,198,197
"1309","O-30",476,482,482,481,476,3039,3223,3236,3268,3282
"1310","O-31",82,83,83,83,82,678,785,987,995,882
"1311","O-32",181,184,187,185,184,6579,6732,6788,6827,6789
"1312","O-33",25,29,30,31,32,6489,6806,7161,7262,7354
"1313","O-34",0,0,0,4,4,6144,6418,6580,6647,6593
"1314","O-35",18,21,23,24,24,3486,3558,3596,3874,3895
"1315","O-36",71,74,75,74,75,2771,2828,2852,2861,2864
"1316","O-37",271,272,270,255,247,3160,3235,3284,3213,3218
"1317","O-38",96,96,97,97,96,2972,2994,2983,3120,3133
"1318","O-39",36,34,41,42,42,369,183,362,397,478
"1319","O-40",163,163,164,165,165,2434,2475,2450,2475,2477
"1320","O-41",168,167,169,169,168,1990,1986,2007,2012,2013
"1321","O-42",97,97,95,95,99,571,563,571,572,585
"1322","O-43",107,108,107,107,106,226,226,226,226,228
"1323","O-44",61,61,61,62,62,31,31,30,36,36
"1324","O-45",0,0,0,0,0,0,0,0,0,0
"1325","O-46",22,17,22,22,18,5,5,5,5,5
"1326","O-47",174,176,172,172,176,226,226,238,239,239
"1327","O-48",4,4,4,4,4,7,7,7,8,7
"1328","O-49",63,65,65,65,65,71,74,74,74,75
"1329","O-50",0,0,0,0,0,4,4,4,4,4
"1330","O-7",0,0,0,0,0,0,0,0,0,0
"1331","O-8",6,6,6,6,6,0,0,0,0,0
"1332","O-9",267,272,276,279,281,360,357,362,359,357
"1333","P-10",231,231,231,232,244,612,644,618,639,666
"1334","P-11",0,0,0,0,0,12,12,14,14,15
"1335","P-12",0,0,0,0,0,4,4,0,0,0
"1336","P-13",0,0,0,0,0,0,0,0,0,0
"1337","P-14",0,0,0,0,0,10,10,7,7,7
"1338","P-15",45,44,46,46,46,59,59,60,60,60
"1339","P-16",6,6,6,7,7,17,17,16,16,16
"1340","P-17",0,0,0,0,0,7,7,7,7,6
"1341","P-18",49,49,49,49,49,414,425,439,467,467
"1342","P-19",318,322,316,301,302,2405,2423,2466,2635,2659
"1343","P-20",140,140,139,136,134,2437,2440,2510,2598,2748
"1344","P-21",212,211,212,213,212,1333,1347,1344,1342,1330
"1345","P-22",33,33,33,33,33,271,265,271,260,241
"1346","P-23",0,0,0,0,0,5,5,5,4,4
"1347","P-24",0,0,0,0,0,0,0,0,0,0
"1348","P-25",0,0,0,0,0,0,0,0,0,0
"1349","P-26",0,0,0,0,0,0,0,0,0,0
"1350","P-27",38,38,38,38,38,193,165,193,193,193
"1351","P-28",0,0,0,0,0,18,18,18,23,23
"1352","P-29",264,246,247,248,248,4437,4405,4412,4437,4575
"1353","P-30",137,119,119,120,120,4221,4343,4351,4425,4497
"1354","P-31",133,129,127,127,127,3818,3960,4003,4002,3983
"1355","P-32",182,184,183,184,181,4750,4766,4759,4830,4838
"1356","P-33",176,174,173,172,172,6283,6352,6416,6454,6448
"1357","P-34",0,0,4,4,4,2460,2446,2510,2520,2542
"1358","P-35",18,18,19,19,18,2395,2417,2473,2491,2545
"1359","P-36",0,0,0,0,0,264,280,256,256,285
"1360","P-37",0,0,0,0,0,203,204,210,211,212
"1361","P-38",91,89,88,88,91,633,636,647,646,649
"1362","P-39",365,366,362,363,362,1656,1624,1665,1693,1716
"1363","P-40",208,207,210,209,208,1077,1301,1153,1160,1164
"1364","P-41",145,144,144,144,142,821,821,821,821,822
"1365","P-42",73,73,73,73,74,63,63,63,63,63
"1366","P-43",268,269,269,269,268,1477,1474,1481,1479,1471
"1367","P-44",451,451,451,452,452,430,430,445,445,444
"1368","P-45",6,6,5,5,5,14,16,18,18,18
"1369","P-46",0,0,0,0,0,0,0,0,0,0
"1370","P-47",88,90,87,87,87,8,8,11,11,11
"1371","P-48",186,184,187,186,186,336,339,337,360,359
"1372","P-49",7,8,7,7,7,17,14,17,17,17
"1373","P-50",27,27,27,26,26,13,13,13,15,15
"1374","P-8",0,0,0,0,0,0,0,0,0,0
"1375","P-9",51,50,52,52,52,13,16,16,14,14
"1376","Q-10",0,0,0,0,0,7,7,6,6,6
"1377","Q-11",0,0,0,0,0,0,0,0,0,0
"1378","Q-15",0,0,0,0,0,0,0,0,0,0
"1379","Q-16",0,0,0,0,0,0,0,0,0,0
"1380","Q-17",0,0,0,0,0,0,0,0,0,0
"1381","Q-18",120,120,120,99,100,62,65,65,82,85
"1382","Q-19",41,39,41,42,42,136,107,139,126,126
"1383","Q-20",104,106,105,105,106,29,24,31,32,35
"1384","Q-21",129,132,128,128,127,87,87,108,123,123
"1385","Q-22",127,128,129,127,124,482,490,541,544,566
"1386","Q-23",47,47,47,47,45,270,270,276,276,281
"1387","Q-24",0,0,0,0,0,0,0,0,0,0
"1388","Q-25",0,0,0,0,0,0,0,0,0,0
"1389","Q-26",0,0,0,0,0,0,0,0,0,0
"1390","Q-27",0,0,0,0,0,0,0,0,0,0
"1391","Q-28",21,21,20,20,20,1363,1350,1366,1409,1412
"1392","Q-29",169,171,173,173,170,1593,1565,1878,2309,2649
"1393","Q-30",81,82,82,83,83,2833,2981,3085,3091,3171
"1394","Q-31",122,123,119,120,121,3811,3780,3844,3863,3890
"1395","Q-32",163,169,169,169,173,869,863,866,869,864
"1396","Q-33",174,179,179,180,180,4153,4203,4269,4287,4275
"1397","Q-34",56,58,58,59,58,2653,2643,2699,2701,2727
"1398","Q-35",29,30,30,31,30,5029,5105,5186,5210,5238
"1399","Q-36",7,7,7,9,9,3565,3548,3560,3571,3582
"1400","Q-38",0,0,0,0,0,0,0,0,0,0
"1401","Q-39",99,101,101,101,100,663,664,669,700,718
"1402","Q-40",233,233,233,232,230,1236,1207,1248,1251,1268
"1403","Q-41",217,218,214,208,211,1062,1110,1093,1112,1141
"1404","Q-42",341,346,345,346,346,331,336,327,342,359
"1405","Q-43",132,131,132,132,130,1111,1113,1122,1130,1126
"1406","Q-44",5,4,5,5,5,0,0,0,0,0
"1407","Q-45",0,0,0,0,0,18,18,18,18,17
"1408","Q-46",0,0,0,0,0,0,0,0,0,0
"1409","Q-47",0,0,0,0,0,0,0,0,0,0
"1410","Q-48",8,8,7,9,11,17,17,17,21,24
"1411","Q-49",168,170,170,173,176,97,97,94,121,116
"1412","Q-50",0,0,0,0,0,0,0,0,0,0
"1413","Q-8",0,0,0,0,0,0,0,0,0,0
"1414","Q-9",5,6,5,5,4,57,26,57,75,76
"1415","R-10",0,0,0,0,0,0,0,0,0,0
"1416","R-11",0,0,0,0,0,0,0,0,0,0
"1417","R-14",0,0,0,0,0,0,0,0,0,0
"1418","R-15",0,0,0,0,0,0,0,0,0,0
"1419","R-16",78,78,80,80,84,78,78,78,78,78
"1420","R-17",0,0,0,0,0,17,17,19,19,19
"1421","R-18",188,186,191,191,195,149,154,160,159,165
"1422","R-19",0,0,0,0,0,5,5,5,5,5
"1423","R-20",16,16,15,15,15,26,26,28,28,29
"1424","R-21",0,0,0,0,0,0,0,0,0,0
"1425","R-22",42,42,42,42,32,11,11,31,36,46
"1426","R-23",70,66,68,68,68,219,227,237,234,232
"1427","R-24",67,67,67,67,67,64,64,65,68,68
"1428","R-25",0,0,0,0,0,0,0,0,0,0
"1429","R-26",0,0,0,0,0,0,0,0,0,0
"1430","R-27",5,5,5,6,6,39,39,39,39,39
"1431","R-28",43,41,41,41,41,2267,2279,2267,2327,2331
"1432","R-29",53,53,56,56,56,2920,2920,2920,2953,2970
"1433","R-30",192,192,192,192,192,518,501,502,605,679
"1434","R-31",597,600,601,602,602,3589,3553,3572,3609,3684
"1435","R-32",5,5,5,5,5,0,0,0,0,0
"1436","R-33",9,10,9,9,9,60,68,69,71,70
"1437","R-34",195,204,204,203,202,1602,1699,1704,1722,1723
"1438","R-35",252,254,256,258,257,3049,3142,3124,3217,3228
"1439","R-36",75,82,83,83,83,3511,3604,3650,3655,3650
"1440","R-37",107,110,110,106,104,1072,1153,1157,1167,1157
"1441","R-38",63,63,63,64,63,282,283,289,295,297
"1442","R-41",21,21,20,20,20,158,158,164,170,170
"1443","R-42",212,212,210,212,212,1651,1638,1658,1642,1645
"1444","R-43",246,245,243,238,237,3486,3479,3556,3567,3579
"1445","R-44",16,15,16,16,16,32,31,32,32,33
"1446","R-45",0,0,0,0,0,0,0,0,0,0
"1447","R-46",0,0,0,0,0,5,5,5,5,6
"1448","R-47",0,0,0,0,0,0,0,0,0,0
"1449","R-48",0,0,0,0,0,7,7,7,7,7
"1450","R-49",7,7,7,7,7,17,17,17,17,17
"1451","R-50",7,7,7,8,7,20,20,20,20,20
"1452","R-9",0,0,0,0,0,0,0,0,0,0
"1453","S-11",0,0,0,0,0,0,0,0,0,0
"1454","S-12",0,0,0,0,0,5,5,5,5,5
"1455","S-13",0,0,0,0,0,10,10,10,10,10
"1456","S-14",0,0,0,0,0,0,0,0,0,0
"1457","S-15",0,0,0,0,0,0,0,0,0,0
"1458","S-16",0,0,0,0,0,0,0,0,0,0
"1459","S-17",168,171,170,169,169,357,362,361,361,372
"1460","S-18",203,200,201,204,217,602,597,617,624,638
"1461","S-19",99,101,100,100,99,144,143,140,134,135
"1462","S-20",0,0,0,0,0,4,4,4,4,4
"1463","S-21",0,0,0,0,0,14,14,14,14,14
"1464","S-22",0,0,0,0,0,0,0,0,0,0
"1465","S-23",0,0,0,0,0,8,8,8,20,20
"1466","S-24",286,285,288,287,285,219,219,219,232,226
"1467","S-25",106,106,105,105,106,1162,1162,1166,1160,1166
"1468","S-26",100,100,100,100,99,2046,2046,2052,2037,2075
"1469","S-27",46,46,47,48,47,1535,1589,1613,1613,1614
"1470","S-28",194,193,195,195,195,799,799,806,817,826
"1471","S-29",289,288,289,288,288,1151,1162,1159,1182,1182
"1472","S-30",68,64,64,64,63,1599,1605,1609,1641,1672
"1473","S-31",185,184,184,183,182,2717,2735,2701,2791,2869
"1474","S-32",0,0,0,0,0,6,6,6,6,6
"1475","S-33",58,58,58,58,59,114,116,116,116,116
"1476","S-34",10,10,10,11,11,48,47,50,51,51
"1477","S-35",151,154,156,155,157,716,717,715,719,731
"1478","S-36",138,140,139,138,139,1297,1470,1476,1480,1507
"1479","S-37",238,239,238,235,232,1674,1667,1669,1710,1751
"1480","S-38",319,320,320,313,309,939,947,956,961,984
"1481","S-39",181,180,174,175,174,872,869,890,892,892
"1482","S-40",31,30,30,30,30,608,608,609,604,617
"1483","S-42",11,10,11,10,10,73,79,79,79,79
"1484","S-43",161,163,162,162,163,1329,1333,1334,1324,1320
"1485","S-44",338,340,338,346,345,1342,1342,1336,1329,1333
"1486","S-45",61,58,60,60,61,288,302,288,288,288
"1487","S-46",0,0,0,0,0,9,9,9,9,9
"1488","S-47",4,4,4,4,4,14,14,14,14,14
"1489","S-48",0,0,0,0,0,16,16,16,16,16
"1490","S-49",6,5,6,6,6,0,0,0,0,0
"1491","S-50",6,6,6,6,6,18,18,18,18,18
"1492","T-10",13,13,13,14,14,11,11,11,11,11
"1493","T-11",7,7,7,7,7,8,8,8,8,8
"1494","T-12",0,0,0,0,0,8,8,10,11,11
"1495","T-13",0,0,0,0,0,0,0,0,0,0
"1496","T-14",165,164,165,164,164,79,79,80,86,86
"1497","T-15",0,0,0,0,0,0,0,0,0,0
"1498","T-16",0,0,0,0,0,0,0,0,0,0
"1499","T-17",0,0,0,0,0,0,0,0,0,0
"1500","T-18",100,101,100,100,100,116,121,115,115,115
"1501","T-19",36,38,38,38,38,245,251,255,255,243
"1502","T-20",200,200,200,200,200,1528,1541,1532,1550,1568
"1503","T-21",337,340,342,342,356,882,882,892,897,916
"1504","T-22",152,183,152,154,154,194,199,200,205,205
"1505","T-23",64,33,64,64,64,71,64,96,90,90
"1506","T-24",127,127,127,126,126,42,42,42,44,44
"1507","T-25",22,22,22,22,22,48,48,50,50,48
"1508","T-26",158,157,151,150,150,1994,1998,1991,2032,2032
"1509","T-27",80,80,80,80,79,1559,1560,1566,1568,1568
"1510","T-28",0,0,0,0,0,0,0,0,0,0
"1511","T-29",22,24,22,22,22,61,58,57,57,57
"1512","T-30",407,399,404,408,408,2084,2083,2136,2147,2164
"1513","T-31",14,12,12,11,11,2426,2388,2343,2580,2712
"1514","T-32",454,455,455,454,373,1562,1513,1456,1456,1456
"1515","T-33",54,55,54,54,54,84,84,95,111,128
"1516","T-34",24,24,25,24,24,38,40,46,54,46
"1517","T-35",33,33,33,33,34,36,36,36,36,36
"1518","T-36",180,188,186,186,187,2369,2395,2381,2460,2526
"1519","T-37",107,105,106,105,105,714,726,767,775,756
"1520","T-38",23,23,23,23,22,19,19,19,19,21
"1521","T-39",111,113,108,110,110,128,120,122,118,118
"1522","T-40",280,279,278,279,278,1080,1102,1087,1100,1121
"1523","T-41",226,225,215,212,208,1546,1509,1562,1573,1597
"1524","T-42",40,42,44,43,44,417,408,415,417,426
"1525","T-44",5,5,5,5,5,20,20,20,19,19
"1526","T-45",100,100,100,99,100,732,728,732,726,730
"1527","T-46",145,145,147,148,147,1317,1305,1364,1425,1442
"1528","T-47",176,177,175,176,175,87,87,87,87,87
"1529","T-48",16,15,16,15,15,30,30,30,32,32
"1530","T-49",0,0,0,0,5,17,17,17,17,17
"1531","T-50",0,4,0,0,4,21,21,21,21,21
"1532","T-51",0,0,0,0,0,22,22,22,22,27
"1533","T-6",0,0,0,0,0,0,0,0,0,0
"1534","T-7",140,144,140,143,144,110,110,113,113,110
"1535","T-8",0,0,0,0,0,0,0,0,0,0
"1536","T-9",0,0,0,0,0,0,0,0,0,0
"1537","U-10",0,0,0,0,0,4,4,4,4,4
"1538","U-11",0,0,0,0,0,0,0,0,0,0
"1539","U-12",0,0,0,0,0,0,0,0,0,0
"1540","U-13",146,150,154,153,152,191,191,219,239,251
"1541","U-14",0,0,0,0,0,4,4,4,4,4
"1542","U-15",52,52,52,52,52,24,24,24,24,26
"1543","U-16",0,0,0,0,0,0,0,0,0,0
"1544","U-17",0,0,0,0,0,4,0,5,5,5
"1545","U-18",0,0,0,0,0,8,8,8,8,8
"1546","U-19",0,0,0,0,0,7,7,7,7,7
"1547","U-2",0,0,0,0,0,0,0,0,0,0
"1548","U-20",89,90,90,90,90,94,94,94,94,94
"1549","U-21",150,150,150,150,150,57,61,57,57,57
"1550","U-22",0,0,0,0,0,0,0,0,0,0
"1551","U-23",0,0,0,0,0,0,0,0,0,0
"1552","U-24",22,22,22,22,22,68,68,68,68,68
"1553","U-25",0,0,0,0,0,10,10,10,10,10
"1554","U-26",0,0,0,0,0,55,55,56,56,57
"1555","U-27",0,0,0,0,0,0,0,0,0,0
"1556","U-28",0,0,0,0,0,0,0,0,0,0
"1557","U-29",181,183,181,181,182,1079,1065,1093,1095,1103
"1558","U-3",134,134,134,134,134,156,156,158,158,157
"1559","U-30",259,246,246,246,247,1764,1782,1803,1893,2084
"1560","U-31",23,23,23,24,24,784,776,779,794,878
"1561","U-32",16,16,16,16,16,596,591,591,591,591
"1562","U-33",320,319,320,320,323,240,237,239,241,259
"1563","U-34",10,9,10,10,9,17,17,17,17,17
"1564","U-35",66,66,66,64,63,683,684,658,656,656
"1565","U-36",102,106,107,106,106,1517,1546,1546,1540,1607
"1566","U-37",152,153,150,149,147,1594,1611,1606,1657,1655
"1567","U-38",82,83,83,87,87,170,183,168,176,168
"1568","U-39",231,230,220,217,217,757,742,760,787,788
"1569","U-4",91,91,91,91,91,27,37,37,37,37
"1570","U-40",163,165,163,163,162,153,150,150,150,153
"1571","U-41",375,376,381,387,390,545,552,538,558,585
"1572","U-42",247,245,248,250,250,736,737,728,737,737
"1573","U-43",20,20,20,20,20,52,52,55,58,62
"1574","U-45",0,0,0,0,0,0,0,0,0,0
"1575","U-46",264,265,263,260,261,3058,3061,3068,3075,3110
"1576","U-47",157,155,157,157,157,862,866,863,863,863
"1577","U-48",11,11,11,11,11,25,25,26,26,26
"1578","U-49",16,16,16,16,18,40,40,40,40,37
"1579","U-5",0,0,0,0,0,4,4,4,4,4
"1580","U-50",17,17,16,16,17,63,64,63,63,62
"1581","U-51",0,0,0,0,0,9,9,9,9,9
"1582","U-52",0,0,0,0,0,0,0,0,0,0
"1583","U-6",101,95,94,94,94,192,197,200,201,201
"1584","U-7",34,31,34,34,34,100,100,100,70,70
"1585","U-8",0,0,0,0,0,0,0,0,0,0
"1586","U-9",0,0,0,0,0,0,0,0,0,0
"1587","V-1",0,0,0,0,0,0,0,0,0,0
"1588","V-10",0,0,0,0,0,0,0,0,0,0
"1589","V-11",0,0,0,0,0,0,0,0,0,0
"1590","V-12",0,0,0,0,0,0,0,0,0,0
"1591","V-13",5,5,5,5,5,19,19,19,19,19
"1592","V-14",53,52,58,58,58,19,22,21,22,29
"1593","V-15",20,20,20,20,20,27,27,27,27,35
"1594","V-16",146,150,158,159,161,99,96,101,101,103
"1595","V-17",0,0,0,0,0,4,4,0,0,0
"1596","V-18",19,19,19,19,19,4,6,4,4,4
"1597","V-19",90,90,90,89,89,61,59,61,67,71
"1598","V-2",34,34,35,35,35,157,157,157,157,158
"1599","V-20",0,0,0,0,0,0,0,0,0,0
"1600","V-21",0,0,0,0,0,0,0,0,0,0
"1601","V-22",69,67,70,72,77,45,45,48,48,53
"1602","V-23",50,52,50,50,51,166,166,166,177,202
"1603","V-24",0,0,0,0,0,8,8,8,8,8
"1604","V-25",7,7,7,7,7,48,48,48,48,48
"1605","V-26",13,14,14,14,14,5,5,5,5,5
"1606","V-27",178,179,180,179,179,802,801,803,805,805
"1607","V-28",19,20,20,20,20,17,14,15,15,15
"1608","V-29",274,281,281,282,282,1340,1341,1427,1494,1513
"1609","V-3",0,0,0,0,0,0,4,4,4,4
"1610","V-30",219,216,217,217,217,808,818,820,823,823
"1611","V-31",136,137,137,137,136,847,854,848,831,832
"1612","V-32",143,144,144,143,142,3842,3835,3865,3877,3917
"1613","V-33",52,52,52,52,52,783,782,782,782,783
"1614","V-34",8,9,8,8,8,99,99,99,99,99
"1615","V-35",16,16,16,16,16,132,131,132,138,138
"1616","V-36",0,0,0,0,0,61,61,61,61,62
"1617","V-37",76,77,77,77,76,139,139,139,140,145
"1618","V-38",68,72,73,74,74,546,550,546,551,551
"1619","V-39",181,181,181,184,184,244,242,235,248,243
"1620","V-4",140,139,142,144,147,204,205,205,206,212
"1621","V-40",0,0,0,0,0,5,5,5,5,5
"1622","V-41",53,53,54,55,56,10,11,11,10,9
"1623","V-42",65,62,62,61,62,51,51,51,51,51
"1624","V-43",398,397,398,399,399,1119,1119,1151,1175,1177
"1625","V-44",172,170,170,171,171,502,499,506,502,551
"1626","V-46",5,5,5,5,5,4,4,4,4,4
"1627","V-47",257,258,257,257,257,1181,1181,1191,1326,1324
"1628","V-48",32,32,32,32,32,589,586,589,590,590
"1629","V-49",16,16,16,16,16,17,17,17,17,17
"1630","V-5",35,37,35,35,35,9,10,10,10,10
"1631","V-50",30,30,30,30,30,24,24,24,24,26
"1632","V-51",111,111,111,112,121,296,295,296,295,312
"1633","V-52",0,0,0,0,0,5,5,5,5,5
"1634","V-53",0,0,0,0,0,0,0,0,0,0
"1635","V-6",0,0,0,0,0,0,0,0,0,0
"1636","V-7",0,0,0,0,0,11,9,9,10,10
"1637","V-8",0,0,0,0,0,0,0,0,0,0
"1638","V-9",0,0,0,0,0,0,0,0,0,0
"1639","W-1",119,121,120,120,121,224,224,224,224,224
"1640","W-10",0,0,0,0,0,0,0,0,0,0
"1641","W-11",0,0,0,0,0,0,0,0,0,0
"1642","W-12",0,0,0,0,0,0,0,0,0,0
"1643","W-13",49,49,50,51,58,63,60,63,63,64
"1644","W-14",0,0,0,0,0,0,0,0,0,0
"1645","W-15",0,0,0,0,0,9,9,9,9,9
"1646","W-16",15,15,16,16,16,13,13,13,13,13
"1647","W-17",0,0,0,0,0,0,0,0,0,0
"1648","W-18",56,57,58,58,60,41,44,44,44,44
"1649","W-19",13,12,12,11,11,64,64,64,66,66
"1650","W-2",193,194,194,194,197,196,195,197,197,195
"1651","W-20",0,0,0,0,0,0,0,0,0,0
"1652","W-21",4,4,4,4,0,14,14,14,14,15
"1653","W-22",8,8,8,8,8,15,15,15,15,15
"1654","W-23",0,0,0,0,0,0,0,0,0,0
"1655","W-24",8,8,8,8,8,10,8,8,8,9
"1656","W-25",102,101,101,101,103,140,141,141,144,165
"1657","W-26",207,210,209,212,213,301,302,302,317,323
"1658","W-27",181,190,189,189,191,1996,2058,2080,2096,2133
"1659","W-28",56,56,55,55,56,291,299,295,296,350
"1660","W-29",127,126,126,125,129,1827,1826,1850,1852,1849
"1661","W-3",256,259,259,267,268,204,213,241,267,272
"1662","W-30",54,54,54,54,54,354,354,354,354,349
"1663","W-31",180,181,178,182,177,1734,1734,1741,1816,1844
"1664","W-32",405,404,404,404,402,1307,1307,1315,1315,1311
"1665","W-33",0,0,0,0,0,37,43,37,37,38
"1666","W-34",61,62,59,59,62,111,111,115,115,116
"1667","W-35",355,355,358,358,359,537,539,550,550,550
"1668","W-36",42,65,62,61,61,516,508,543,546,545
"1669","W-37",0,0,0,0,0,11,11,11,11,13
"1670","W-38",128,128,131,132,131,833,826,835,839,839
"1671","W-39",118,117,118,120,120,176,176,183,184,184
"1672","W-4",52,52,52,52,52,7,7,7,7,7
"1673","W-40",10,10,10,10,11,27,30,30,30,31
"1674","W-41",12,12,12,12,13,13,13,13,13,13
"1675","W-42",27,26,27,25,25,32,32,37,41,41
"1676","W-43",341,344,339,342,341,714,716,717,724,726
"1677","W-44",194,192,195,197,198,1034,1029,1109,1115,1133
"1678","W-46",12,11,11,11,11,20,22,22,22,22
"1679","W-47",85,85,85,86,86,190,190,190,189,193
"1680","W-48",49,49,49,49,48,89,89,89,98,99
"1681","W-49",7,7,7,7,7,39,39,39,39,39
"1682","W-5",6,5,6,6,6,5,5,6,6,6
"1683","W-50",0,0,0,0,0,15,15,15,15,15
"1684","W-51",75,75,74,75,75,114,114,115,117,117
"1685","W-52",8,8,8,8,8,11,11,10,10,10
"1686","W-53",0,0,0,0,0,20,20,20,20,20
"1687","W-54",0,0,0,0,0,0,0,0,0,0
"1688","W-55",0,0,0,0,0,0,0,0,0,0
"1689","W-6",0,0,0,0,0,0,0,0,0,0
"1690","W-7",0,0,0,0,0,6,6,6,6,6
"1691","W-8",0,0,0,0,0,0,0,0,0,0
"1692","W-9",0,0,0,0,0,0,0,0,0,0
"1693","X-1",37,37,37,39,38,299,300,296,295,309
"1694","X-10",0,0,0,0,0,0,0,0,0,0
"1695","X-11",63,64,65,66,70,58,57,56,56,56
"1696","X-12",0,0,0,0,0,0,0,0,0,0
"1697","X-13",0,0,0,0,0,0,0,0,0,0
"1698","X-14",103,103,103,103,106,107,107,109,110,112
"1699","X-15",0,0,0,0,0,0,0,0,0,0
"1700","X-16",7,7,7,7,7,8,8,8,9,9
"1701","X-17",0,0,0,0,0,6,6,6,6,6
"1702","X-18",6,6,6,7,7,14,14,14,13,15
"1703","X-19",110,109,113,138,138,247,256,308,308,336
"1704","X-2",239,239,239,243,244,384,385,386,384,384
"1705","X-20",328,330,334,335,336,574,600,633,644,657
"1706","X-21",0,0,0,5,4,4,4,4,4,4
"1707","X-22",0,0,0,0,0,24,24,24,24,24
"1708","X-23",0,0,0,0,0,17,17,17,17,17
"1709","X-24",0,0,0,0,0,0,0,0,0,0
"1710","X-25",156,156,157,156,156,180,178,181,183,183
"1711","X-26",162,161,162,162,163,81,81,90,90,94
"1712","X-27",157,162,141,142,141,539,542,556,554,555
"1713","X-28",226,221,225,225,226,298,294,306,306,309
"1714","X-29",202,202,211,211,217,346,347,348,348,349
"1715","X-3",0,0,0,0,0,0,0,0,0,0
"1716","X-30",210,209,211,212,211,147,147,145,145,145
"1717","X-31",39,40,39,39,38,308,308,316,322,322
"1718","X-32",98,98,98,101,101,99,99,99,100,100
"1719","X-33",32,32,32,32,32,30,24,30,30,31
"1720","X-34",29,29,29,29,29,654,654,673,681,681
"1721","X-35",187,186,186,189,193,1052,1052,1051,1058,1058
"1722","X-36",291,291,290,292,290,756,757,764,757,801
"1723","X-37",324,320,300,300,300,557,567,600,607,608
"1724","X-38",0,0,0,0,0,0,0,0,0,0
"1725","X-39",145,146,152,153,153,184,190,193,190,195
"1726","X-4",63,63,63,63,64,61,73,61,61,61
"1727","X-40",14,14,14,14,14,30,30,30,30,30
"1728","X-41",0,0,0,0,0,11,11,11,11,12
"1729","X-42",8,8,8,8,7,18,18,16,18,18
"1730","X-43",4,4,4,4,4,11,11,7,7,7
"1731","X-44",7,7,7,7,10,22,22,20,17,17
"1732","X-45",116,114,113,113,111,565,608,622,640,627
"1733","X-47",53,53,53,52,52,500,501,516,527,529
"1734","X-48",16,16,15,15,16,201,201,202,202,204
"1735","X-49",0,0,0,0,0,27,27,27,27,27
"1736","X-5",28,30,28,28,29,17,17,17,19,19
"1737","X-50",5,5,5,5,5,27,27,27,27,27
"1738","X-51",8,8,8,8,8,29,29,29,28,28
"1739","X-52",11,12,12,12,12,19,18,18,18,18
"1740","X-53",56,56,56,56,56,47,41,46,46,46
"1741","X-54",9,8,8,8,8,9,10,10,10,10
"1742","X-55",4,4,4,4,4,17,17,17,17,17
"1743","X-6",0,0,0,0,0,0,0,4,4,4
"1744","X-7",0,0,0,0,0,8,8,8,7,7
"1745","X-8",92,93,92,94,95,175,175,177,180,177
"1746","X-9",19,18,19,17,19,7,7,7,11,9
"1747","Y-1",4,4,4,4,4,30,30,30,30,30
"1748","Y-10",0,0,0,0,0,4,4,4,4,4
"1749","Y-11",0,0,0,0,0,4,4,4,4,4
"1750","Y-12",0,0,0,0,0,0,0,0,0,0
"1751","Y-13",26,26,28,28,28,12,12,12,12,12
"1752","Y-14",0,0,0,0,0,0,0,0,0,0
"1753","Y-15",0,0,0,0,0,0,0,0,0,0
"1754","Y-16",0,0,0,0,0,0,0,0,0,0
"1755","Y-17",0,0,0,0,0,12,12,12,12,12
"1756","Y-18",80,79,80,80,80,176,180,176,172,178
"1757","Y-19",97,95,94,96,96,157,159,161,159,159
"1758","Y-2",89,89,88,88,89,262,262,262,263,264
"1759","Y-20",0,0,0,0,0,6,6,7,7,7
"1760","Y-21",0,0,0,0,0,5,5,5,5,5
"1761","Y-22",0,0,0,0,0,9,9,9,9,9
"1762","Y-23",0,0,0,0,0,10,10,10,10,10
"1763","Y-24",0,0,0,0,0,4,4,4,4,4
"1764","Y-25",9,9,9,9,9,11,17,11,20,20
"1765","Y-26",228,228,228,226,226,568,604,606,610,616
"1766","Y-27",12,12,12,12,12,185,185,187,187,187
"1767","Y-28",21,21,21,21,21,27,31,27,27,27
"1768","Y-29",0,0,0,0,0,0,0,0,0,0
"1769","Y-3",0,0,0,0,0,0,0,0,0,0
"1770","Y-30",232,232,233,233,233,213,213,215,215,217
"1771","Y-31",15,15,15,15,15,29,29,29,29,29
"1772","Y-32",109,110,109,109,108,258,257,257,343,333
"1773","Y-33",160,166,166,166,166,1114,1110,1121,1283,1283
"1774","Y-34",23,22,23,25,25,16,16,16,16,14
"1775","Y-35",8,8,8,6,5,6,6,6,8,12
"1776","Y-36",88,86,83,83,83,58,60,64,65,65
"1777","Y-37",4,4,4,4,4,19,18,16,15,15
"1778","Y-38",174,175,176,176,176,192,198,193,194,227
"1779","Y-39",224,223,223,225,226,221,230,219,218,218
"1780","Y-4",10,10,9,9,9,0,0,0,4,4
"1781","Y-40",0,0,0,0,0,0,0,0,0,0
"1782","Y-41",0,0,0,0,0,0,0,0,0,0
"1783","Y-42",4,4,4,4,0,6,6,0,6,6
"1784","Y-43",10,10,10,10,11,7,7,7,7,6
"1785","Y-44",162,163,162,163,161,676,706,670,685,690
"1786","Y-45",163,163,163,163,161,986,958,992,986,999
"1787","Y-46",0,0,0,0,0,0,0,0,0,0
"1788","Y-47",78,82,86,87,89,489,625,615,614,652
"1789","Y-48",221,221,220,220,220,609,609,610,614,613
"1790","Y-49",6,6,6,7,8,11,11,11,10,9
"1791","Y-5",115,115,119,118,121,174,175,179,183,193
"1792","Y-50",8,8,7,7,7,23,23,25,25,25
"1793","Y-51",8,8,8,8,8,37,37,37,37,37
"1794","Y-52",154,155,155,155,155,161,167,163,163,164
"1795","Y-53",33,33,34,34,34,125,122,119,120,120
"1796","Y-54",4,4,4,4,4,18,18,18,18,18
"1797","Y-55",0,0,0,0,0,6,6,6,6,6
"1798","Y-6",0,0,0,0,0,0,0,0,0,0
"1799","Y-7",74,78,85,88,88,239,239,241,244,245
"1800","Y-8",116,118,116,117,118,75,75,75,74,74
"1801","Y-9",0,0,0,0,0,0,0,0,0,0
"1802","Z-10",0,0,0,0,0,0,0,0,0,0
"1803","Z-11",20,20,26,26,36,28,36,50,50,50
"1804","Z-12",106,119,119,119,119,69,93,91,93,93
"1805","Z-13",96,99,101,101,104,65,65,71,71,71
"1806","Z-14",8,8,8,8,8,4,4,4,4,4
"1807","Z-15",0,0,0,0,0,0,0,0,4,4
"1808","Z-16",33,33,33,31,29,48,48,48,48,58
"1809","Z-17",0,0,0,0,0,6,6,6,6,6
"1810","Z-18",310,307,323,328,331,466,470,478,477,471
"1811","Z-19",282,297,295,295,291,275,271,286,298,298
"1812","Z-2",38,38,39,39,39,34,34,35,35,36
"1813","Z-20",0,0,0,0,0,0,0,0,0,0
"1814","Z-21",10,11,11,11,11,22,21,21,21,21
"1815","Z-22",0,0,0,0,0,4,4,4,4,4
"1816","Z-23",4,4,4,4,4,17,17,17,17,17
"1817","Z-24",67,67,67,63,62,99,99,99,103,106
"1818","Z-25",70,71,71,71,71,263,255,261,261,261
"1819","Z-26",9,9,9,9,9,5,6,6,8,8
"1820","Z-27",23,23,23,23,23,42,42,48,48,54
"1821","Z-28",49,50,50,50,50,161,199,256,287,287
"1822","Z-29",0,0,0,0,0,0,0,0,0,0
"1823","Z-3",0,0,0,0,0,0,0,0,0,0
"1824","Z-30",0,0,0,0,0,0,0,0,0,0
"1825","Z-31",0,0,0,0,0,0,0,0,0,0
"1826","Z-32",6,6,6,6,6,55,62,55,55,55
"1827","Z-33",190,192,190,189,193,2409,2405,2445,2462,2463
"1828","Z-34",159,157,159,159,159,68,68,68,68,68
"1829","Z-35",0,0,0,0,0,0,0,0,0,0
"1830","Z-36",6,6,6,6,6,6,6,7,7,5
"1831","Z-37",19,19,19,19,19,9,8,10,10,10
"1832","Z-38",141,142,144,142,140,225,228,239,240,242
"1833","Z-39",74,76,67,66,66,324,326,334,332,335
"1834","Z-4",0,0,0,0,0,0,0,0,0,0
"1835","Z-40",70,72,69,71,71,246,247,266,266,276
"1836","Z-41",0,0,0,0,0,5,7,7,5,5
"1837","Z-42",0,0,0,0,0,0,0,0,0,0
"1838","Z-43",8,8,8,8,8,7,7,7,7,7
"1839","Z-44",4,4,4,4,4,20,20,20,20,20
"1840","Z-45",216,218,215,215,206,705,703,715,727,750
"1841","Z-46",30,29,30,30,30,302,304,304,304,326
"1842","Z-48",85,85,85,86,86,470,470,470,470,499
"1843","Z-49",213,215,214,213,211,2216,2219,2228,2251,2254
"1844","Z-5",0,0,0,0,0,0,0,0,0,0
"1845","Z-50",46,46,46,46,49,261,277,277,277,275
"1846","Z-51",12,12,11,11,11,38,38,42,42,42
"1847","Z-52",17,17,17,17,16,63,62,64,61,62
"1848","Z-53",10,10,11,11,11,19,21,21,21,21
"1849","Z-54",13,13,12,12,12,34,34,35,35,35
"1850","Z-55",69,70,71,71,72,80,81,81,81,81
"1851","Z-56",0,0,0,0,0,0,0,0,0,0
"1852","Z-6",0,0,0,0,0,4,4,0,0,0
"1853","Z-7",40,40,40,40,40,57,57,57,57,58
"1854","Z-8",47,50,47,47,47,32,32,32,35,35
"1855","Z-9",0,0,0,0,0,0,0,0,0,0
